Epoch,Loss,PSNR,
1,0.22155591,15.05127638,
2,0.110114407,16.32145574,
3,0.100661012,17.7055327,25.64383278
4,0.087368511,18.38184541,0.038845948
5,0.083926872,18.761892,
6,0.079290272,19.12344291,
7,0.076027696,19.48735694,
8,0.076668255,19.74114291,
9,0.071009457,19.83303485,
10,0.071741357,20.08206411,
11,0.069996734,19.86859216,
12,0.069231525,20.30918645,
13,0.066961059,20.43036837,
14,0.067591868,20.62385136,
15,0.070639837,20.60344998,
16,0.069216412,20.74875062,
17,0.06403576,20.92293627,
18,0.063687873,20.99905592,
19,0.064938833,21.09470486,
20,0.061205651,21.12856156,
21,0.061552162,21.24222846,
22,0.060921901,21.37988192,
23,0.059244162,21.50844906,
24,0.058148898,21.68695788,
25,0.060225972,21.57460076,
26,0.058790512,21.8081528,
27,0.058607215,21.88889255,
28,0.060306748,21.23318519,
29,0.057406868,22.0593754,
30,0.057919043,21.90694655,
31,0.061234683,21.42396599,
32,0.05752862,21.8656413,
33,0.056524838,22.19697469,
34,0.055131513,22.19980287,
35,0.056913646,22.20286297,
36,0.056611005,22.39729177,
37,0.056311711,21.48020106,
38,0.060151024,22.18505178,
39,0.058482537,22.49903633,
40,0.054559445,22.52952737,
41,0.053823497,22.53727589,
42,0.055327157,22.48611478,
43,0.053504742,22.63141728,
44,0.054373616,22.6837292,
45,0.053696642,22.77562868,
46,0.054188072,22.75433788,
47,0.055912807,22.86798289,
48,0.052229586,22.83030966,
49,0.05282404,22.82634851,
50,0.052255263,22.70220859,
51,0.053499094,22.67664814,
52,0.053595874,22.96705081,
53,0.053683265,22.94815237,
54,0.05080431,22.86474459,
55,0.052546414,22.78166756,
56,0.054007496,22.77477323,
57,0.053686011,23.14945275,
58,0.053975278,22.70721322,
59,0.053165048,23.0530782,
60,0.050244611,23.16067049,
61,0.051506198,23.14885268,
62,0.053057481,23.0571975,
63,0.05032914,23.20053549,
64,0.050790811,23.043232,
65,0.050014431,23.28783816,
66,0.05134281,23.28020047,
67,0.052567471,23.30290071,
68,0.050689572,23.4547063,
69,0.049854429,23.41836596,
70,0.052395843,22.95856908,
71,0.052598075,23.35909396,
72,0.05179098,23.10245574,
73,0.052634586,23.26304127,
74,0.050113049,23.28324338,
75,0.051065705,23.47838552,
76,0.05082174,23.54603456,
77,0.050708746,23.55118493,
78,0.050548909,23.52084277,
79,0.053462461,23.39699555,
80,0.051230029,23.53531811,
81,0.048386449,23.66479143,
82,0.049850828,23.53072226,
83,0.049741383,23.66561263,
84,0.049537051,23.66415011,
85,0.05102645,23.32193197,
86,0.053480015,23.36689315,
87,0.049238259,23.60261504,
88,0.050229678,23.67444778,
89,0.048949849,23.78452575,
90,0.049134663,23.78990733,
91,0.04961146,23.81000499,
92,0.048663621,23.81236417,
93,0.049132829,23.55370706,
94,0.050506793,23.08872159,
95,0.051351062,23.5077009,
96,0.049443636,23.81223755,
97,0.048690566,23.80045259,
98,0.048802423,23.69304386,
99,0.049878594,23.6404688,
100,0.049488467,23.8623739,
101,0.047933871,23.77824173,
102,0.048604029,23.79713149,
103,0.047697645,23.89744384,
104,0.048579919,23.86142054,
105,0.050419644,23.56007669,
106,0.049891224,23.46226302,
107,0.049881299,23.7674043,
108,0.049442529,23.76206957,
109,0.047786061,23.90347641,
110,0.048464847,23.83125844,
111,0.048257764,23.86601481,
112,0.048970873,23.95189842,
113,0.049867411,23.76848659,
114,0.047822142,23.92073607,
115,0.049357691,23.98924313,
116,0.047622006,23.98464646,
117,0.047336707,23.887118,
118,0.046865747,23.92266754,
119,0.048686737,24.01355224,
120,0.04742947,24.13314946,
121,0.047664151,23.9258132,
122,0.048076831,23.81870789,
123,0.048173567,24.05986139,
124,0.047460587,24.1468263,
125,0.048983541,24.06875159,
126,0.048903649,24.11043514,
127,0.04880864,23.7899353,
128,0.048044976,23.91522235,
129,0.050745253,23.73441612,
130,0.048135934,24.08627525,
131,0.048687972,24.06397274,
132,0.047222791,24.22828901,
133,0.048703469,24.14548945,
134,0.047479884,24.14630394,
135,0.04736102,24.20137437,
136,0.046779091,23.9658015,
137,0.047601063,24.19714542,
138,0.048028273,23.96386997,
139,0.04740653,24.19020107,
140,0.047473428,24.28336743,
141,0.047397202,24.23753129,
142,0.049093768,23.51569084,
143,0.048879832,24.22298961,
144,0.046092944,24.3151234,
145,0.04690556,24.35913975,
146,0.04685522,24.31584014,
147,0.046517823,24.31931762,
148,0.047691789,24.2763202,
149,0.047535962,24.31034132,
150,0.047395663,24.18637828,
151,0.046416691,24.39056112,
152,0.047367145,24.42084543,
153,0.046336897,24.46222804,
154,0.04643132,23.93216325,
155,0.047704826,24.0458213,
156,0.046239997,24.2021306,
157,0.047247097,24.06561253,
158,0.048158589,24.31996936,
159,0.046405107,24.50551512,
160,0.045527985,24.41416236,
161,0.046209595,24.47069611,
162,0.045944742,24.39167291,
163,0.047482963,24.29823895,
164,0.048246226,24.20242136,
165,0.046676933,24.50159752,
166,0.046830814,24.45670393,
167,0.046238683,24.5672831,
168,0.046085835,24.52777192,
169,0.047581273,24.45326268,
170,0.044507099,24.43956395,
171,0.04590811,24.51170813,
172,0.046798854,24.42771659,
173,0.045954557,24.29360054,
174,0.047465072,24.20318863,
175,0.046709181,24.46432661,
176,0.046716308,24.2851853,
177,0.047613335,24.44859432,
178,0.04741522,24.55157678,
179,0.046018462,24.52142123,
180,0.047311732,24.05409583,
181,0.045615591,24.45588025,
182,0.045413483,24.56814147,
183,0.045586243,24.36175154,
184,0.046778567,24.38546043,
185,0.047618664,24.45720439,
186,0.045439762,24.60146056,
187,0.045767198,24.51464435,
188,0.046092042,24.56091876,
189,0.044697006,24.43137259,
190,0.045387936,24.64455969,
191,0.046624344,24.17282478,
192,0.046070328,24.50034357,
193,0.046006902,24.61171388,
194,0.047404945,24.35719125,
195,0.047163523,24.35252917,
196,0.046801165,24.53163262,
197,0.04622672,24.61681899,
198,0.045219455,24.58859361,
199,0.044256702,24.58916972,
200,0.047243725,24.6051045,
201,0.046946938,24.31326047,
202,0.047427779,24.45314829,
203,0.04525929,24.58796704,
204,0.044124102,24.6015989,
205,0.04605994,24.42854975,
206,0.045492401,24.59742201,
207,0.045420186,24.53385903,
208,0.044492016,24.52292521,
209,0.045377512,24.50828778,
210,0.046315663,24.63119174,
211,0.045064328,24.7097811,
212,0.046539588,24.63732654,
213,0.045766094,24.56397479,
214,0.044971011,24.60156236,
215,0.0445407,24.67277664,
216,0.046367665,24.58719143,
217,0.046139219,24.62644274,
218,0.045873588,24.48088614,
219,0.047531916,24.41335549,
220,0.047401864,23.77482805,
221,0.048434525,24.57388233,
222,0.046480554,24.63737673,
223,0.045163775,24.68231533,
224,0.045245521,24.73656335,
225,0.045658425,24.37869308,
226,0.045423541,24.67590879,
227,0.044561481,24.64249101,
228,0.045322328,24.63864488,
229,0.045224012,24.71893315,
230,0.045338834,24.64959331,
231,0.045309871,24.60778005,
232,0.045085039,24.46282108,
233,0.046094008,24.48954247,
234,0.045433794,24.51837424,
235,0.046494764,24.72109144,
236,0.044904418,24.75436936,
237,0.045293425,24.54900493,
238,0.045121185,24.48141367,
239,0.046406295,24.57532672,
240,0.045676046,24.7185551,
241,0.044712564,24.51754348,
242,0.046831578,24.64106925,
243,0.046758615,24.59834962,
244,0.046948126,24.6822245,
245,0.04574404,24.73351402,
246,0.044366455,24.723518,
247,0.044124749,24.72890902,
248,0.045532475,24.54783125,
249,0.046933243,24.4464071,
250,0.044436292,24.62285271,
251,0.045173966,24.55966915,
252,0.046403905,24.61829605,
253,0.045770269,24.66536532,
254,0.043649656,24.73589948,
255,0.043706491,24.6889352,
256,0.044072308,24.74721474,
257,0.045373045,24.61830061,
258,0.044835028,24.81653174,
259,0.043926573,24.78225141,
260,0.04516115,24.64924315,
261,0.046775651,24.59406809,
262,0.047068453,24.5046364,
263,0.045475755,24.64310405,
264,0.044717998,24.72079641,
265,0.044084903,24.73686054,
266,0.046170646,24.77880237,
267,0.044461921,24.70543873,
268,0.044913234,24.77214642,
269,0.044146577,24.6617254,
270,0.046250109,24.62309581,
271,0.045119932,24.67765201,
272,0.045032155,24.56702675,
273,0.046285959,24.74067892,
274,0.045356488,24.65318991,
275,0.045157895,24.65155114,
276,0.045520271,24.60300069,
277,0.045258969,24.75413977,
278,0.04461686,24.75834196,
279,0.045484607,24.59831473,
280,0.045792693,24.73117579,
281,0.044233432,24.7794192,
282,0.045993753,24.70278539,
283,0.045691345,24.66931797,
284,0.046694955,24.69064815,
285,0.044327556,24.65158206,
286,0.043503745,24.69764356,
287,0.044387597,24.78192574,
288,0.045080305,24.78706649,
289,0.043322943,24.75777684,
290,0.044925969,24.7065482,
291,0.044797084,24.60268977,
292,0.045775539,24.69556766,
293,0.046290019,24.77769393,
294,0.046122983,24.69696275,
295,0.044314858,24.77849069,
296,0.047238272,24.32761064,
297,0.045178834,24.7938868,
298,0.044235932,24.83275028,
299,0.044630655,24.64957015,
300,0.04563544,24.5508117,
301,0.043987921,24.94773993,
302,0.043315002,24.95110858,
303,0.042985128,24.99855039,
304,0.044621394,24.99967665,
305,0.043805183,24.96850459,
306,0.043346654,25.01802036,
307,0.044788725,25.00603269,
308,0.044218475,24.91032701,
309,0.042525919,24.98884903,
310,0.043029858,24.91786725,
311,0.043640152,24.95752875,
312,0.044443123,24.96273517,
313,0.042964973,25.00249952,
314,0.042083488,24.97163087,
315,0.044335964,24.98220398,
316,0.043849445,24.95754162,
317,0.043228231,25.02335189,
318,0.043856761,24.99349822,
319,0.043012723,25.01125981,
320,0.043539221,24.96248695,
321,0.043827692,25.01566627,
322,0.043671571,24.98407688,
323,0.043999686,24.98622827,
324,0.043736462,24.90863416,
325,0.044149864,24.88456737,
326,0.043116539,25.00751988,
327,0.043852759,25.03039496,
328,0.044932126,24.92106441,
329,0.043272584,25.01100215,
330,0.043681961,24.9354,
331,0.043356316,25.00744425,
332,0.044283295,24.91331016,
333,0.043509639,25.00308084,
334,0.043842762,24.96669647,
335,0.044075392,25.03935143,
336,0.043196536,24.96622694,
337,0.042910334,24.95694581,
338,0.044517265,25.0635154,
339,0.044188074,25.00628317,
340,0.043890348,24.98407189,
341,0.043426289,25.0365028,
342,0.043132775,25.01578646,
343,0.042989009,25.02023804,
344,0.043464128,24.93671593,
345,0.043422623,25.01448051,
346,0.044074628,24.93042751,
347,0.04363706,25.0052431,
348,0.043284407,25.03997036,
349,0.044676967,24.96618381,
350,0.042338811,25.02143479,
351,0.043403893,24.92807008,
352,0.044009613,24.9952771,
353,0.044164787,24.95802534,
354,0.043763744,25.03734253,
355,0.043580785,25.01760206,
356,0.042135315,25.08243708,
357,0.043560936,25.06228812,
358,0.044966131,24.98763738,
359,0.043829124,25.02812709,
360,0.044076573,25.04741001,
361,0.044208706,25.0820365,
362,0.044874249,25.0240673,
363,0.04288237,25.04343443,
364,0.043585012,25.03924365,
365,0.043385289,25.03650415,
366,0.043024048,25.05491823,
367,0.043158062,25.00758517,
368,0.043646977,25.00135222,
369,0.045088251,25.05271057,
370,0.043559975,24.90765778,
371,0.04485709,25.03357863,
372,0.043396096,24.94841298,
373,0.045141892,25.09304072,
374,0.043221574,25.05704024,
375,0.043060387,25.01956066,
376,0.044799574,25.06184125,
377,0.042874681,24.95615566,
378,0.044502209,25.0180487,
379,0.043827842,25.0746149,
380,0.043966726,24.91038967,
381,0.043356554,25.0051448,
382,0.043773165,25.04836176,
383,0.043415302,25.08739862,
384,0.042867602,25.04679734,
385,0.044656513,25.06712126,
386,0.043180887,25.06215667,
387,0.04477571,25.10683375,
388,0.044266864,25.04134164,
389,0.043839709,24.96340472,
390,0.04407418,25.0072051,
391,0.044598586,25.022633,
392,0.043944676,25.07011962,
393,0.042903489,25.03547161,
394,0.043233989,25.002042,
395,0.044788726,25.05545882,
396,0.042302717,25.03463988,
397,0.044157825,25.10848542,
398,0.043836984,24.98220571,
399,0.045239185,25.08184685,
400,0.04444101,25.07860865,
401,0.043735142,24.8992975,
402,0.042854659,24.99914649,
403,0.043579858,25.04251825,
404,0.043563035,25.04157518,
405,0.041891519,25.04181746,
406,0.043560462,25.0609204,
407,0.043904237,25.08601586,
408,0.044067491,25.07245229,
409,0.043361067,25.08314163,
410,0.043198359,25.03418279,
411,0.044262479,25.08234619,
412,0.043001378,25.04671617,
413,0.04227161,25.03557244,
414,0.043808063,25.05920578,
415,0.043920449,25.07719262,
416,0.044533632,25.10571744,
417,0.043337825,25.13119783,
418,0.043385302,25.01242447,
419,0.0439182,25.15679428,
420,0.042441231,25.0372023,
421,0.043642008,24.99585584,
422,0.045098109,24.8255785,
423,0.045115981,25.04895475,
424,0.043703394,25.09922289,
425,0.043665802,25.06053312,
426,0.042247509,25.09429318,
427,0.043062676,24.92987315,
428,0.043274019,25.00679589,
429,0.044782247,24.9876877,
430,0.042959633,25.08537053,
431,0.043530828,25.07170318,
432,0.042539145,24.99056569,
433,0.044449286,24.95602281,
434,0.043668482,25.04276447,
435,0.04424118,25.11899753,
436,0.042910104,25.01973229,
437,0.043382657,25.0541307,
438,0.044025885,25.12270754,
439,0.043224009,25.08873469,
440,0.044555701,25.1204364,
441,0.042704032,24.96785656,
442,0.043776037,25.11154801,
443,0.044754366,25.0743925,
444,0.044356257,25.07084479,
445,0.044548296,24.80932095,
446,0.045598503,25.08805802,
447,0.043290547,25.03612088,
448,0.0441595,25.06774588,
449,0.04454815,25.12173279,
450,0.042127569,25.10137891,
451,0.042964684,25.04919255,
452,0.041828794,25.12381836,
453,0.043247187,25.14956595,
454,0.042180261,25.11858323,
455,0.042873252,25.1227249,
456,0.042496012,25.00407621,
457,0.04466293,25.00532485,
458,0.043875424,25.03255396,
459,0.043192399,25.04002224,
460,0.043011049,24.87097577,
461,0.043401318,25.04238614,
462,0.043306811,25.04217382,
463,0.04240199,25.00125478,
464,0.044381503,25.0305905,
465,0.042661228,24.97872833,
466,0.043444567,25.06432204,
467,0.044894592,25.11659211,
468,0.043283899,25.02204147,
469,0.044765417,25.05897034,
470,0.043919774,25.04779331,
471,0.04374118,25.11405235,
472,0.043442509,25.15561636,
473,0.04437454,25.05136506,
474,0.043738112,25.09238019,
475,0.043581531,24.96580471,
476,0.043873496,25.05556472,
477,0.043904384,25.05770875,
478,0.044214762,25.0611249,
479,0.04285206,25.05179896,
480,0.042813775,25.05229794,
481,0.044070278,25.04045454,
482,0.043749459,25.02304465,
483,0.042470205,25.13700266,
484,0.042617016,25.05322598,
485,0.042774781,25.08843491,
486,0.043509448,24.78526907,
487,0.044066753,25.05845244,
488,0.042401162,25.10186109,
489,0.043574249,25.09930698,
490,0.042342543,24.93879894,
491,0.044736315,25.03383847,
492,0.043051826,25.05625,
493,0.042816288,25.07750251,
494,0.043590264,25.05901007,
495,0.044165247,25.13664546,
496,0.043012321,25.12836151,
497,0.041711447,25.15995557,
498,0.043345387,25.0287428,
499,0.043265781,25.14873141,
500,0.043749032,25.12969627,
501,0.043365248,25.13905734,
502,0.044030124,25.04202682,
503,0.043303136,25.10440393,
504,0.042795586,25.11657714,
505,0.043156592,25.15713919,
506,0.043930451,25.10819888,
507,0.04348435,25.03068917,
508,0.044860316,25.12519552,
509,0.043567856,25.02349188,
510,0.043661576,25.12037001,
511,0.04389869,25.10796801,
512,0.043928454,25.01776967,
513,0.042630966,25.17264027,
514,0.042389385,25.07236616,
515,0.043655289,25.18689228,
516,0.042374351,25.1769466,
517,0.041348698,25.15125318,
518,0.043669304,25.12445411,
519,0.043801867,25.11200595,
520,0.043327865,25.11629256,
521,0.043162562,25.14885128,
522,0.043299343,25.11746832,
523,0.045791436,25.10249577,
524,0.041616008,25.0959438,
525,0.044980992,25.11129896,
526,0.042880528,25.09805453,
527,0.045551634,25.06218946,
528,0.044224948,24.98614503,
529,0.043159734,25.12735427,
530,0.042631568,25.09901216,
531,0.04348722,25.10178008,
532,0.042333845,25.08970308,
533,0.04438856,25.12767252,
534,0.04298562,25.06740059,
535,0.044950378,25.13208465,
536,0.043787264,25.13746348,
537,0.042260568,25.20598875,
538,0.041893852,25.16701291,
539,0.042426407,25.10070782,
540,0.043208601,25.13472043,
541,0.043678222,25.1577645,
542,0.042761932,25.0724145,
543,0.042921495,25.11044055,
544,0.044307954,25.14234813,
545,0.043024576,25.13101,
546,0.042691988,25.19090698,
547,0.043401275,25.11675628,
548,0.04219173,25.11012935,
549,0.044299256,25.0417519,
550,0.042846,25.1487126,
551,0.043594769,25.01189519,
552,0.042968644,25.15582677,
553,0.042712248,25.23755718,
554,0.042702249,25.12312885,
555,0.042056451,25.12746441,
556,0.043233442,25.05860978,
557,0.044487954,25.07991787,
558,0.043306956,25.15006233,
559,0.044313047,25.13479155,
560,0.042767495,25.12666331,
561,0.042419955,25.14813196,
562,0.041884557,25.03621237,
563,0.044072255,25.10769004,
564,0.043272547,25.20805322,
565,0.042523851,25.01981911,
566,0.043493442,25.16372602,
567,0.043130988,25.1690752,
568,0.042197486,25.1038502,
569,0.044239926,25.11588126,
570,0.043353063,25.10776847,
571,0.043041753,25.09862931,
572,0.044715494,25.191127,
573,0.043564591,25.1273149,
574,0.04314223,25.09848522,
575,0.042851979,25.15271661,
576,0.042975027,25.13286723,
577,0.042544857,25.13115174,
578,0.043915488,25.18152424,
579,0.043941322,25.17323953,
580,0.043577899,25.1785437,
581,0.043037745,25.11344869,
582,0.044138845,25.16012931,
583,0.043934171,25.03577412,
584,0.043925662,25.10361976,
585,0.044381206,25.1190599,
586,0.043592284,25.19876097,
587,0.043571532,25.17907405,
588,0.043249692,25.09475632,
589,0.04444133,25.18927093,
590,0.044386138,25.12236046,
591,0.041794496,25.12546132,
592,0.04310961,25.13600043,
593,0.043587202,25.1516454,
594,0.042172998,25.19524285,
595,0.042203169,25.18815275,
596,0.041951931,25.17322324,
597,0.043929977,25.18417616,
598,0.042177846,25.209157,
599,0.043143025,25.15339967,
600,0.042977393,25.14927468,
601,0.042780547,25.29143917,
602,0.042307524,25.30042362,
603,0.041104246,25.30927577,
604,0.042102738,25.29773122,
605,0.042632772,25.24233497,
606,0.042753735,25.28216689,
607,0.043171436,25.26953831,
608,0.042915272,25.31544647,
609,0.042987912,25.28318317,
610,0.042224133,25.30265578,
611,0.042905411,25.26124496,
612,0.044206684,25.26207151,
613,0.041985221,25.27544168,
614,0.043284281,25.28371041,
615,0.042920213,25.28844012,
616,0.043387688,25.28086077,
617,0.041748082,25.28845932,
618,0.041930885,25.28129706,
619,0.042675417,25.27970929,
620,0.042786361,25.29543758,
621,0.043243017,25.30912411,
622,0.042544413,25.30113024,
623,0.04365477,25.29630732,
624,0.043669667,25.29313118,
625,0.042325437,25.32156555,
626,0.042152981,25.28331771,
627,0.043404227,25.24907556,
628,0.042413051,25.26554268,
629,0.042670715,25.26353743,
630,0.041991366,25.28708245,
631,0.04185245,25.3177723,
632,0.043387222,25.28495248,
633,0.043546842,25.29739829,
634,0.042495268,25.29742983,
635,0.041403181,25.28310544,
636,0.042261977,25.31414439,
637,0.043276022,25.25549797,
638,0.042989075,25.26030578,
639,0.042923116,25.2619038,
640,0.043311644,25.22891934,
641,0.042625714,25.25341472,
642,0.043261848,25.26849834,
643,0.042668318,25.25752351,
644,0.042696509,25.30229868,
645,0.043970977,25.27485639,
646,0.043053245,25.29314918,
647,0.042632326,25.28590789,
648,0.042888037,25.2750217,
649,0.043268087,25.31197391,
650,0.04108529,25.29981941,
651,0.043118502,25.31641186,
652,0.042729286,25.27318484,
653,0.041284889,25.29305247,
654,0.042029326,25.24556303,
655,0.043273027,25.27722313,
656,0.043349474,25.25220418,
657,0.042978143,25.22080001,
658,0.042381039,25.29417519,
659,0.043303937,25.28891797,
660,0.043300186,25.30139518,
661,0.041835363,25.27111234,
662,0.042222164,25.27481915,
663,0.043401411,25.31446486,
664,0.041036375,25.31840719,
665,0.042126707,25.31947301,
666,0.043703028,25.29260976,
667,0.043012755,25.30155507,
668,0.042796062,25.31998142,
669,0.041279487,25.2690321,
670,0.042622848,25.28482595,
671,0.041976585,25.28014416,
672,0.042222293,25.31583841,
673,0.043551994,25.34008141,
674,0.041213469,25.30987208,
675,0.04258222,25.24918138,
676,0.042198295,25.27069669,
677,0.042842143,25.21646243,
678,0.043026918,25.311808,
679,0.041421752,25.30328425,
680,0.043539174,25.28780359,
681,0.042740463,25.27214991,
682,0.042741346,25.32250441,
683,0.043810064,25.31800266,
684,0.043341759,25.31026481,
685,0.041793075,25.30834338,
686,0.042897004,25.35971831,
687,0.042211484,25.32854398,
688,0.042950644,25.31483467,
689,0.042304841,25.2848981,
690,0.042815808,25.31005987,
691,0.042017786,25.33793803,
692,0.04156298,25.34834311,
693,0.041582361,25.36676457,
694,0.042535823,25.30921463,
695,0.043267559,25.33776656,
696,0.041429905,25.32894678,
697,0.042398252,25.31181881,
698,0.042038096,25.32366564,
699,0.042142083,25.31148601,
700,0.043190971,25.3555278,
701,0.04267287,25.29467459,
702,0.040316468,25.22123593,
703,0.043131102,25.30636943,
704,0.041790005,25.33124735,
705,0.04359332,25.30294509,
706,0.042859592,25.27624372,
707,0.043062407,25.30573403,
708,0.042816017,25.30264465,
709,0.041952576,25.32908894,
710,0.042077423,25.32026966,
711,0.043243389,25.32671916,
712,0.043703758,25.28514357,
713,0.041865792,25.28607432,
714,0.042505913,25.29086453,
715,0.042877596,25.23751875,
716,0.042658082,25.32081951,
717,0.041816238,25.30247376,
718,0.042147547,25.29832883,
719,0.042524002,25.28995603,
720,0.043018988,25.31511627,
721,0.042885221,25.32118676,
722,0.041769495,25.33971711,
723,0.0418228,25.35637674,
724,0.043493164,25.31391154,
725,0.043538758,25.3030819,
726,0.042558444,25.30048431,
727,0.042416569,25.31346281,
728,0.043821598,25.30897752,
729,0.043462877,25.34613853,
730,0.042602931,25.31598088,
731,0.042514838,25.29156184,
732,0.042184973,25.31490515,
733,0.044042372,25.33576254,
734,0.042536642,25.35459695,
735,0.041941919,25.2870576,
736,0.041862556,25.37461475,
737,0.043462281,25.35386114,
738,0.04236394,25.30461012,
739,0.042634384,25.29690628,
740,0.042671279,25.26010735,
741,0.042929666,25.27654487,
742,0.042537646,25.29453286,
743,0.042418389,25.26414326,
744,0.044323469,25.3435746,
745,0.043717059,25.30778452,
746,0.041507349,25.29521867,
747,0.043303654,25.33441082,
748,0.042069677,25.31811509,
749,0.042923566,25.32407427,
750,0.043743937,25.32713266,
751,0.041798105,25.31665199,
752,0.041761962,25.34022974,
753,0.042484901,25.2488491,
754,0.042026541,25.31541277,
755,0.041424677,25.32083595,
756,0.04193926,25.32856059,
757,0.042984287,25.27737658,
758,0.042277672,25.30597581,
759,0.041986755,25.30619912,
760,0.042547164,25.32305535,
761,0.041889009,25.28098862,
762,0.042109625,25.35049199,
763,0.042658639,25.29284319,
764,0.042019791,25.2955868,
765,0.043176138,25.32748438,
766,0.041951253,25.28792311,
767,0.042983114,25.23285425,
768,0.042932218,25.28892328,
769,0.043738459,25.3620311,
770,0.041109893,25.3338404,
771,0.042218411,25.33324016,
772,0.04127496,25.30044428,
773,0.042971855,25.30889935,
774,0.042582883,25.23835415,
775,0.0412376,25.32915869,
776,0.043141237,25.34432052,
777,0.042633854,25.33356564,
778,0.041032583,25.33933757,
779,0.04354058,25.3440263,
780,0.043269273,25.29707956,
781,0.041553192,25.34845576,
782,0.042100845,25.26007207,
783,0.041556607,25.32659039,
784,0.043446971,25.23462637,
785,0.044220652,25.3007917,
786,0.042953399,25.30002485,
787,0.043066405,25.29615561,
788,0.041858208,25.27964569,
789,0.043208377,25.27804701,
790,0.043352949,25.38387842,
791,0.04249337,25.34907198,
792,0.043567202,25.36642128,
793,0.042468231,25.3960135,
794,0.042844749,25.3621945,
795,0.042272601,25.26410439,
796,0.041789388,25.35315653,
797,0.04307072,25.37759354,
798,0.041782961,25.43213519,
799,0.042785999,25.34911755,
800,0.042876862,25.34845235,
801,0.042429517,25.35500564,
802,0.042248349,25.3529913,
803,0.04120858,25.34157398,
804,0.04100582,25.35894323,
805,0.042095453,25.34690565,
806,0.043584895,25.3203874,
807,0.04167492,25.34200667,
808,0.042042416,25.32763551,
809,0.041916207,25.33815505,
810,0.042445383,25.3472051,
811,0.04380181,25.34453096,
812,0.043308043,25.31021439,
813,0.043363718,25.32202731,
814,0.041270348,25.27693648,
815,0.041603083,25.24755198,
816,0.042752127,25.31714976,
817,0.042650551,25.20689301,
818,0.042599795,25.35177226,
819,0.04344365,25.29522843,
820,0.04289802,25.30935207,
821,0.043636825,25.34653777,
822,0.042529385,25.36320525,
823,0.042436014,25.32156782,
824,0.043286408,25.3235396,
825,0.042817527,25.3667958,
826,0.041982456,25.36831394,
827,0.042112259,25.35564651,
828,0.042204337,25.37184218,
829,0.042984437,25.32086182,
830,0.042754475,25.3116109,
831,0.041816227,25.27686364,
832,0.041932961,25.17263703,
833,0.04234379,25.18243478,
834,0.041825117,25.29210981,
835,0.041745893,25.26839527,
836,0.042359379,25.35141556,
837,0.042710526,25.32243688,
838,0.042507342,25.35888856,
839,0.042353045,25.36570998,
840,0.041860993,25.36638926,
841,0.041415985,25.37292479,
842,0.042355712,25.34430075,
843,0.042593181,25.26136165,
844,0.041733649,25.35409975,
845,0.043129415,25.23402986,
846,0.043693586,25.24517827,
847,0.041869578,25.31888383,
848,0.043845083,25.37118635,
849,0.041557641,25.36234473,
850,0.042944998,25.34265104,
851,0.040829624,25.34647675,
852,0.041252864,25.30357875,
853,0.041859172,25.29851955,
854,0.043139142,25.29150162,
855,0.042885843,25.31676617,
856,0.041399292,25.36522869,
857,0.043327669,25.35315081,
858,0.04200051,25.33616237,
859,0.043995645,25.38912261,
860,0.043231652,25.34984384,
861,0.042111694,25.3498309,
862,0.042534243,25.32323286,
863,0.041709934,25.34733942,
864,0.043396723,25.3708619,
865,0.04246091,25.34325648,
866,0.042344077,25.309038,
867,0.042790844,25.27736206,
868,0.042553948,25.31638422,
869,0.042068082,25.3217253,
870,0.044062637,25.33235967,
871,0.042374195,25.39344195,
872,0.042774559,25.34287618,
873,0.041059969,25.32284495,
874,0.041150802,25.37033383,
875,0.043461336,25.37026421,
876,0.041956346,25.35336929,
877,0.040398193,25.39494199,
878,0.042587957,25.31736406,
879,0.042656631,25.36985285,
880,0.041720064,25.38265179,
881,0.042300064,25.35906598,
882,0.042001594,25.3399155,
883,0.040511315,25.38347332,
884,0.041676449,25.31676117,
885,0.043415965,25.27155995,
886,0.042982277,25.3561614,
887,0.041198951,25.38914099,
888,0.042516983,25.30831498,
889,0.041197762,25.36011135,
890,0.041974933,25.28726594,
891,0.043670125,25.3062719,
892,0.042611145,25.3771326,
893,0.042325605,25.32212165,
894,0.043542934,25.34404891,
895,0.043507984,25.29714794,
896,0.042199133,25.42037923,
897,0.042573832,25.3202192,
898,0.041460832,25.33992974,
899,0.042135883,25.35634431,
900,0.04169661,25.38506314,
901,0.042839171,25.38050322,
902,0.041983992,25.37138179,
903,0.042357075,25.42136242,
904,0.042765334,25.43157763,
905,0.041821879,25.42556789,
906,0.040970018,25.41324864,
907,0.041090136,25.39983175,
908,0.040842844,25.3939683,
909,0.04168669,25.43612932,
910,0.042008495,25.37964353,
911,0.041782566,25.38036462,
912,0.041721086,25.35647697,
913,0.041811887,25.43423212,
914,0.041442112,25.39064612,
915,0.042940522,25.37950085,
916,0.042319061,25.42002121,
917,0.041741792,25.4246228,
918,0.042009831,25.42357297,
919,0.041084786,25.45264575,
920,0.042312128,25.43439352,
921,0.041345352,25.4234858,
922,0.041923225,25.43816893,
923,0.040317696,25.37035533,
924,0.041424454,25.35045786,
925,0.042513237,25.41140329,
926,0.042019112,25.42036006,
927,0.04167107,25.37334753,
928,0.041138219,25.3814049,
929,0.040955475,25.39098123,
930,0.041860146,25.37953715,
931,0.041686369,25.43264025,
932,0.040246423,25.418115,
933,0.04194786,25.42518998,
934,0.041457495,25.3725185,
935,0.040242837,25.42018247,
936,0.04125265,25.41779939,
937,0.040584239,25.36190586,
938,0.0406207,25.36750407,
939,0.04088472,25.42202778,
940,0.041722227,25.38150966,
941,0.042223453,25.41022506,
942,0.043153052,25.45979288,
943,0.041333718,25.44437961,
944,0.041664629,25.46163517,
945,0.042024915,25.40473478,
946,0.041804671,25.40541557,
947,0.042823021,25.4229645,
948,0.042573857,25.44036349,
949,0.041483738,25.40775295,
950,0.04152234,25.40901059,
951,0.041369088,25.42679646,
952,0.042025413,25.45075938,
953,0.042472298,25.44530922,
954,0.042071956,25.44510831,
955,0.042398373,25.42442445,
956,0.042377142,25.45516912,
957,0.04005773,25.44762557,
958,0.041521462,25.40116017,
959,0.042093194,25.42239308,
960,0.041540693,25.45149029,
961,0.041663124,25.44990757,
962,0.04094783,25.44371316,
963,0.042235971,25.43732374,
964,0.042664172,25.46121749,
965,0.043159915,25.46746016,
966,0.042634253,25.46070282,
967,0.041075606,25.46410028,
968,0.042627081,25.43138005,
969,0.04150417,25.44345182,
970,0.041309374,25.41802679,
971,0.040524351,25.41585977,
972,0.041977796,25.44322672,
973,0.042566615,25.42048017,
974,0.042786999,25.43634603,
975,0.041432799,25.44040947,
976,0.04297611,25.40755244,
977,0.041586388,25.4305314,
978,0.041576157,25.42546583,
979,0.042624201,25.46651003,
980,0.041269034,25.45226352,
981,0.042245111,25.43528331,
982,0.04119895,25.45171947,
983,0.04151758,25.46129432,
984,0.041460676,25.45537263,
985,0.041517903,25.45023242,
986,0.041851107,25.43397954,
987,0.042333016,25.46449016,
988,0.042814333,25.41308507,
989,0.041913732,25.38978628,
990,0.040741729,25.42226499,
991,0.042135033,25.40218778,
992,0.041403524,25.45166669,
993,0.041160539,25.4154585,
994,0.042066214,25.42261278,
995,0.041281314,25.46105712,
996,0.041192417,25.44045476,
997,0.041383764,25.44665145,
998,0.042391326,25.4602843,
999,0.040811492,25.45413335,
1000,0.042152369,25.44994948,
1001,0.040928879,25.43556731,
1002,0.042158585,25.46132715,
1003,0.041728248,25.43515553,
1004,0.042670245,25.44413357,
1005,0.04059427,25.44109141,
1006,0.042590116,25.44061451,
1007,0.042217437,25.44048533,
1008,0.042422617,25.44943465,
1009,0.042203413,25.44143019,
1010,0.041482893,25.45904025,
1011,0.042104761,25.4417464,
1012,0.042674405,25.40135431,
1013,0.042186284,25.45037704,
1014,0.043236787,25.46302946,
1015,0.042090965,25.37943698,
1016,0.042668944,25.45051308,
1017,0.041273312,25.43130108,
1018,0.040863924,25.4252675,
1019,0.041543801,25.41224696,
1020,0.041469795,25.43857394,
1021,0.041306201,25.43963377,
1022,0.040900637,25.45565687,
1023,0.042318819,25.41663486,
1024,0.041282698,25.44182202,
1025,0.042132644,25.4682129,
1026,0.041068069,25.40556181,
1027,0.042720503,25.42043784,
1028,0.042062979,25.45213707,
1029,0.041680703,25.47241443,
1030,0.04159069,25.43909082,
1031,0.041634023,25.43627185,
1032,0.042305918,25.43205869,
1033,0.041192298,25.41439229,
1034,0.041773263,25.40481284,
1035,0.041771649,25.4334117,
1036,0.041031308,25.44445105,
1037,0.041779038,25.43682896,
1038,0.04112152,25.43033757,
1039,0.042359601,25.41000456,
1040,0.040891845,25.44685007,
1041,0.041937111,25.45439827,
1042,0.042233952,25.47968465,
1043,0.041432461,25.46232344,
1044,0.04219474,25.39266922,
1045,0.043496051,25.41491451,
1046,0.041766459,25.43699888,
1047,0.043095497,25.42517917,
1048,0.042484899,25.46888179,
1049,0.042105562,25.45717298,
1050,0.041952946,25.43826687,
1051,0.042324274,25.46605206,
1052,0.040348818,25.46379202,
1053,0.042745377,25.4796942,
1054,0.041461591,25.43575087,
1055,0.042204408,25.48583378,
1056,0.041396997,25.447158,
1057,0.042914349,25.45537316,
1058,0.042417006,25.39801876,
1059,0.041810145,25.43899962,
1060,0.041705641,25.42516617,
1061,0.040204724,25.45575498,
1062,0.042441187,25.31126331,
1063,0.041733677,25.47067042,
1064,0.041732125,25.42383931,
1065,0.041359832,25.46085865,
1066,0.040901674,25.42103855,
1067,0.041247366,25.42591387,
1068,0.041268926,25.4458184,
1069,0.040966812,25.44084602,
1070,0.041908829,25.44288143,
1071,0.042278692,25.46540256,
1072,0.04170745,25.4863,
1073,0.041604751,25.47446401,
1074,0.041527135,25.45607086,
1075,0.042757392,25.45404876,
1076,0.042925358,25.45139006,
1077,0.042409664,25.45396382,
1078,0.041811389,25.4272446,
1079,0.041173228,25.42768238,
1080,0.040742109,25.46404521,
1081,0.04272011,25.41526227,
1082,0.040482682,25.44988797,
1083,0.043269088,25.44691584,
1084,0.041676265,25.48448474,
1085,0.041409334,25.50496712,
1086,0.042147381,25.5003056,
1087,0.041340133,25.47307516,
1088,0.041300564,25.47035782,
1089,0.042920278,25.48811986,
1090,0.043545461,25.4796808,
1091,0.042531448,25.46632945,
1092,0.04149533,25.42877291,
1093,0.043043794,25.508169,
1094,0.040797075,25.4766927,
1095,0.04107663,25.41270126,
1096,0.041061977,25.48845158,
1097,0.041714787,25.43884683,
1098,0.041437074,25.48147045,
1099,0.039978921,25.42735636,
1100,0.041670984,25.43563396,
1101,0.041972777,25.47652124,
1102,0.04285467,25.45268244,
1103,0.041862342,25.47005323,
1104,0.041326114,25.50647285,
1105,0.040554561,25.46414717,
1106,0.041498711,25.49145329,
1107,0.042338296,25.48722476,
1108,0.04120757,25.45001406,
1109,0.041639697,25.48060357,
1110,0.041391328,25.44514272,
1111,0.042472248,25.49956944,
1112,0.041063181,25.48568208,
1113,0.040184738,25.52323069,
1114,0.041919636,25.48052704,
1115,0.042423762,25.48643482,
1116,0.042482685,25.49772318,
1117,0.04180241,25.46897384,
1118,0.040890803,25.47195392,
1119,0.041803622,25.4827689,
1120,0.040512212,25.45750586,
1121,0.042238021,25.43925675,
1122,0.040391459,25.47929139,
1123,0.040491506,25.47902203,
1124,0.041222284,25.47540808,
1125,0.042451018,25.45092487,
1126,0.041245575,25.45436264,
1127,0.041895337,25.46799168,
1128,0.041288795,25.47372076,
1129,0.04060646,25.46500488,
1130,0.04229946,25.41762114,
1131,0.043382082,25.43454745,
1132,0.041251311,25.46383889,
1133,0.042059699,25.44346239,
1134,0.042047946,25.47038738,
1135,0.041843808,25.49139808,
1136,0.041117642,25.46488989,
1137,0.041884024,25.46114254,
1138,0.041767848,25.46085578,
1139,0.042195203,25.46334341,
1140,0.041011027,25.42630787,
1141,0.042084122,25.46627801,
1142,0.041979796,25.49621297,
1143,0.042337802,25.47198945,
1144,0.04161113,25.49041897,
1145,0.042339774,25.44521241,
1146,0.041538552,25.46390636,
1147,0.040602115,25.47897163,
1148,0.042339102,25.49055683,
1149,0.042377282,25.45831255,
1150,0.040910354,25.4563654,
1151,0.042829979,25.46832887,
1152,0.042195496,25.50116033,
1153,0.042357041,25.46851842,
1154,0.041208384,25.44405843,
1155,0.041572282,25.45369947,
1156,0.042091122,25.43282843,
1157,0.042130819,25.44126996,
1158,0.041498465,25.50855367,
1159,0.041197427,25.43202123,
1160,0.041700215,25.45519965,
1161,0.043113392,25.43167469,
1162,0.041444032,25.4729415,
1163,0.042300988,25.45774256,
1164,0.042922498,25.46787074,
1165,0.041627259,25.47256708,
1166,0.042530123,25.47345735,
1167,0.04142319,25.46974826,
1168,0.041029298,25.43553949,
1169,0.041770517,25.45246288,
1170,0.041284647,25.44002945,
1171,0.04274342,25.48711419,
1172,0.041790011,25.51215074,
1173,0.041995967,25.4970206,
1174,0.040931468,25.51528146,
1175,0.04266037,25.43081112,
1176,0.041830938,25.43268023,
1177,0.042407038,25.48724048,
1178,0.041576518,25.48199954,
1179,0.041235546,25.44632002,
1180,0.04093586,25.43274665,
1181,0.040995734,25.41206384,
1182,0.042121352,25.47980364,
1183,0.041678863,25.46157461,
1184,0.042432177,25.47374788,
1185,0.042735541,25.46927796,
1186,0.041487916,25.43212502,
1187,0.041234986,25.46940642,
1188,0.041893036,25.48253034,
1189,0.041570654,25.48698185,
1190,0.041766743,25.4592189,
1191,0.041613421,25.49599604,
1192,0.041957619,25.42092616,
1193,0.042513701,25.47840726,
1194,0.039684739,25.5092633,
1195,0.040629627,25.47241624,
1196,0.039649693,25.46918713,
1197,0.041611593,25.49800598,
1198,0.042842176,25.49178071,
1199,0.040599184,25.50577359,
1200,0.040920514,25.50809138,
1201,0.041284866,25.51335703,
1202,0.041847386,25.53903825,
1203,0.041388274,25.53955743,
1204,0.041093603,25.53789857,
1205,0.042066811,25.49543795,
1206,0.041939543,25.52164284,
1207,0.041832422,25.53535414,
1208,0.040821721,25.529702,
1209,0.041076623,25.50965545,
1210,0.040491179,25.5386626,
1211,0.042425442,25.53714056,
1212,0.040443499,25.53900716,
1213,0.041701981,25.52925484,
1214,0.041526287,25.52011887,
1215,0.042561511,25.52093308,
1216,0.040313817,25.52912446,
1217,0.041515855,25.52971533,
1218,0.041496814,25.517663,
1219,0.042070009,25.49937215,
1220,0.042173164,25.52090387,
1221,0.04054327,25.52223878,
1222,0.043642984,25.5195832,
1223,0.042035941,25.49945738,
1224,0.04183333,25.51482897,
1225,0.0413963,25.53353472,
1226,0.041999373,25.53019132,
1227,0.041887408,25.55282705,
1228,0.041290347,25.53717497,
1229,0.042135236,25.53738031,
1230,0.042035867,25.51713502,
1231,0.041241145,25.53140496,
1232,0.041274336,25.532535,
1233,0.041057928,25.51756122,
1234,0.043018856,25.47978579,
1235,0.040482425,25.49171138,
1236,0.041109924,25.50255513,
1237,0.042607664,25.52589349,
1238,0.043087298,25.52720696,
1239,0.040638872,25.5287414,
1240,0.042078722,25.53097332,
1241,0.042369231,25.51723803,
1242,0.040950789,25.48139645,
1243,0.041564234,25.51983682,
1244,0.04165043,25.54479273,
1245,0.042235434,25.5206706,
1246,0.039876268,25.53190417,
1247,0.040277637,25.5347352,
1248,0.042788185,25.53049514,
1249,0.040612795,25.50796698,
1250,0.041652252,25.54514108,
1251,0.041198629,25.51279188,
1252,0.041751613,25.51063727,
1253,0.043306576,25.52445757,
1254,0.041745825,25.53221273,
1255,0.041616898,25.51702406,
1256,0.041695997,25.52798989,
1257,0.041585557,25.53390919,
1258,0.041460915,25.51563761,
1259,0.040913066,25.5221672,
1260,0.04149277,25.53883978,
1261,0.042373017,25.52112757,
1262,0.042319735,25.50495873,
1263,0.042482955,25.52487638,
1264,0.040894689,25.50492082,
1265,0.042356055,25.49782105,
1266,0.042136452,25.49469923,
1267,0.041955903,25.48252666,
1268,0.042251659,25.5022175,
1269,0.041550409,25.52560497,
1270,0.041229449,25.4967611,
1271,0.040825797,25.51105292,
1272,0.041974142,25.5175533,
1273,0.041278086,25.50360693,
1274,0.041721738,25.51191278,
1275,0.041474924,25.52247826,
1276,0.041447967,25.51185759,
1277,0.041881103,25.52966314,
1278,0.041460172,25.5390337,
1279,0.041545857,25.52349856,
1280,0.040726461,25.52592841,
1281,0.041002852,25.52832169,
1282,0.041497309,25.51056067,
1283,0.041997485,25.50448518,
1284,0.04197015,25.51647561,
1285,0.041692578,25.55066078,
1286,0.04176503,25.5478096,
1287,0.042055109,25.5365809,
1288,0.042587203,25.56767159,
1289,0.04153576,25.55742241,
1290,0.041459156,25.5400618,
1291,0.040854739,25.52935341,
1292,0.041411432,25.53878339,
1293,0.041402837,25.51326426,
1294,0.042084875,25.55834543,
1295,0.041015268,25.54633732,
1296,0.041902257,25.52774948,
1297,0.042067198,25.52867539,
1298,0.041106011,25.53518033,
1299,0.041326515,25.52071164,
1300,0.04080401,25.53955968,
1301,0.041237086,25.54215704,
1302,0.041053461,25.51623003,
1303,0.040287523,25.49724508,
1304,0.039967453,25.52197921,
1305,0.040990779,25.50106084,
1306,0.041442267,25.51409324,
1307,0.04156526,25.48958493,
1308,0.042016443,25.49791282,
1309,0.040515997,25.48488004,
1310,0.041653456,25.5372516,
1311,0.040435921,25.50324281,
1312,0.040899594,25.52163742,
1313,0.041288556,25.50681215,
1314,0.041710985,25.49709781,
1315,0.043114694,25.4814216,
1316,0.042249762,25.48685654,
1317,0.041289509,25.49939096,
1318,0.040983809,25.50690002,
1319,0.040289401,25.51047429,
1320,0.040742334,25.51203077,
1321,0.040779307,25.51256332,
1322,0.042315331,25.5310441,
1323,0.041731227,25.53013457,
1324,0.041010225,25.47853914,
1325,0.041609555,25.54320952,
1326,0.042828947,25.54616498,
1327,0.041941115,25.55927958,
1328,0.040809398,25.51909923,
1329,0.041459147,25.51059635,
1330,0.041335679,25.54218504,
1331,0.041048896,25.55293336,
1332,0.041812129,25.50775762,
1333,0.042207033,25.52308487,
1334,0.041874213,25.49646833,
1335,0.043167699,25.52660271,
1336,0.041613654,25.51462898,
1337,0.041468833,25.52724377,
1338,0.042196441,25.55019405,
1339,0.041432039,25.5383872,
1340,0.040124277,25.52617416,
1341,0.042558951,25.5225468,
1342,0.041520343,25.52817141,
1343,0.04230367,25.54193525,
1344,0.039919606,25.54779534,
1345,0.041114647,25.56422103,
1346,0.040917214,25.54872404,
1347,0.041677687,25.53771184,
1348,0.040732023,25.55815157,
1349,0.040592407,25.54419913,
1350,0.041807801,25.52647595,
1351,0.040795195,25.52515988,
1352,0.040664879,25.54849294,
1353,0.041337898,25.55440076,
1354,0.042182796,25.55094608,
1355,0.041499721,25.53363243,
1356,0.041328498,25.51099472,
1357,0.040807626,25.55066699,
1358,0.041694522,25.54482815,
1359,0.040918439,25.53188809,
1360,0.04174318,25.54957046,
1361,0.040991485,25.52416361,
1362,0.042403013,25.52965182,
1363,0.041582888,25.53035668,
1364,0.0404475,25.55405341,
1365,0.043068397,25.56448149,
1366,0.041069473,25.56935528,
1367,0.041625746,25.56437281,
1368,0.042157018,25.56876953,
1369,0.040820447,25.56255666,
1370,0.041912332,25.56085349,
1371,0.041904568,25.54857388,
1372,0.042714203,25.57245964,
1373,0.040454514,25.5607946,
1374,0.042372766,25.5569739,
1375,0.042270268,25.5409374,
1376,0.041457779,25.56787883,
1377,0.041085846,25.56277785,
1378,0.040981289,25.52983206,
1379,0.041648803,25.54468504,
1380,0.041383126,25.53138558,
1381,0.040745292,25.53039656,
1382,0.042631163,25.53305304,
1383,0.041279998,25.52729831,
1384,0.041333452,25.53520632,
1385,0.041504451,25.525622,
1386,0.042777343,25.50674296,
1387,0.040900003,25.51807074,
1388,0.041043263,25.5171812,
1389,0.041688903,25.52981317,
1390,0.041355104,25.53182884,
1391,0.040854211,25.53954957,
1392,0.041979423,25.52885769,
1393,0.040915955,25.5319673,
1394,0.041604447,25.52519585,
1395,0.041398343,25.5192002,
1396,0.042094881,25.52608025,
1397,0.040083674,25.53193411,
1398,0.041911208,25.55696656,
1399,0.040811274,25.53621886,
1400,0.04217125,25.52320622,
1401,0.04193894,25.52438552,
1402,0.04281808,25.54569235,
1403,0.04231012,25.54498635,
1404,0.041365512,25.52515063,
1405,0.041123037,25.55314394,
1406,0.041670559,25.53421888,
1407,0.040655031,25.53823151,
1408,0.042183271,25.53490471,
1409,0.041514336,25.53001363,
1410,0.041053168,25.5357649,
1411,0.042276369,25.56572158,
1412,0.042475007,25.54736692,
1413,0.041774573,25.53050547,
1414,0.042293428,25.53743294,
1415,0.040873654,25.53820925,
1416,0.041827056,25.54951046,
1417,0.041954764,25.53170713,
1418,0.041918537,25.53843694,
1419,0.041676828,25.53453855,
1420,0.041038472,25.55935432,
1421,0.040578956,25.54677761,
1422,0.040973366,25.54955561,
1423,0.041003431,25.54838191,
1424,0.042864456,25.55496614,
1425,0.041040595,25.55738098,
1426,0.040918805,25.57246409,
1427,0.042467985,25.52981227,
1428,0.042601325,25.51208919,
1429,0.040784854,25.49619149,
1430,0.042203954,25.52042856,
1431,0.041294499,25.50063378,
1432,0.040296542,25.48894904,
1433,0.041755955,25.56166816,
1434,0.041067738,25.53391686,
1435,0.042888063,25.54187173,
1436,0.042543036,25.56003067,
1437,0.042244586,25.53742393,
1438,0.040112427,25.54244755,
1439,0.040495552,25.51719433,
1440,0.041692546,25.53737773,
1441,0.041973749,25.51938773,
1442,0.041647728,25.52179104,
1443,0.042177923,25.54002055,
1444,0.040820699,25.54179473,
1445,0.040663761,25.54120513,
1446,0.041271639,25.56680168,
1447,0.041803465,25.55708513,
1448,0.041133015,25.55912414,
1449,0.0424595,25.59482724,
1450,0.041252525,25.56484929,
1451,0.042135567,25.57406527,
1452,0.042011433,25.54418173,
1453,0.041271016,25.54322491,
1454,0.040960586,25.5224454,
1455,0.04089259,25.52691685,
1456,0.041295881,25.52057097,
1457,0.040696356,25.52262812,
1458,0.042250422,25.52494358,
1459,0.04135856,25.54172269,
1460,0.0417835,25.51473865,
1461,0.041968902,25.51479571,
1462,0.040859565,25.51940569,
1463,0.041554246,25.50086196,
1464,0.040730709,25.49186024,
1465,0.041874555,25.48564981,
1466,0.042126363,25.53701342,
1467,0.041103076,25.55717707,
1468,0.042834614,25.54030211,
1469,0.041536012,25.53446181,
1470,0.040164578,25.57580204,
1471,0.042094759,25.52119593,
1472,0.041069593,25.52000852,
1473,0.041123309,25.53663465,
1474,0.041892507,25.53259757,
1475,0.041812568,25.52154558,
1476,0.040034752,25.52575477,
1477,0.04115993,25.55023527,
1478,0.041028902,25.52944755,
1479,0.043392656,25.52222695,
1480,0.041355155,25.51537525,
1481,0.042576192,25.53929404,
1482,0.042553722,25.53326258,
1483,0.041068921,25.53168394,
1484,0.042894398,25.52885787,
1485,0.041417133,25.5448161,
1486,0.040958474,25.54182446,
1487,0.040439862,25.53008056,
1488,0.041370353,25.53884091,
1489,0.041324377,25.55402359,
1490,0.040593528,25.52067537,
1491,0.040145196,25.5130678,
1492,0.040492326,25.54082677,
1493,0.041913146,25.5487993,
1494,0.041364872,25.52939912,
1495,0.041460284,25.52611105,
1496,0.040265352,25.53878325,
1497,0.041369528,25.56313895,
1498,0.041413735,25.53945594,
1499,0.041402045,25.54497747,
1500,0.041575592,25.5342142,
1501,0.041174098,25.5445558,
1502,0.04002852,25.55621464,
1503,0.043143805,25.56672356,
1504,0.04048549,25.56357737,
1505,0.041378973,25.55470353,
1506,0.040764119,25.58193462,
1507,0.041563842,25.57424302,
1508,0.042445266,25.57035115,
1509,0.042407472,25.55369972,
1510,0.04125018,25.55742729,
1511,0.04055167,25.56374276,
1512,0.042515604,25.573331,
1513,0.042669769,25.5693578,
1514,0.041698884,25.54413619,
1515,0.041574934,25.56117072,
1516,0.04067698,25.54684567,
1517,0.040720094,25.5362185,
1518,0.040216482,25.56165988,
1519,0.040905019,25.5602107,
1520,0.042611253,25.56793696,
1521,0.0416024,25.56816928,
1522,0.040365286,25.56200142,
1523,0.041706339,25.57672296,
1524,0.042061706,25.5591145,
1525,0.041821517,25.56234323,
1526,0.041505349,25.54497538,
1527,0.042267252,25.59490662,
1528,0.041754595,25.57396937,
1529,0.041582332,25.56123713,
1530,0.04099395,25.55008137,
1531,0.041070819,25.55792137,
1532,0.040930052,25.55224356,
1533,0.040875911,25.57087923,
1534,0.041322814,25.55648459,
1535,0.041132984,25.56428485,
1536,0.04226356,25.56852142,
1537,0.041143731,25.56016438,
1538,0.041535897,25.5585621,
1539,0.042158188,25.55194496,
1540,0.041677324,25.55486685,
1541,0.042684882,25.56393295,
1542,0.042045433,25.56820939,
1543,0.041121256,25.57477546,
1544,0.041320495,25.58038633,
1545,0.041028013,25.56906652,
1546,0.04024895,25.58043187,
1547,0.04111817,25.56852686,
1548,0.040477849,25.582897,
1549,0.04184262,25.56223819,
1550,0.0419376,25.56760049,
1551,0.041571407,25.56697455,
1552,0.041409764,25.56901214,
1553,0.040379864,25.56474211,
1554,0.042476702,25.56910069,
1555,0.042413869,25.5821351,
1556,0.04227393,25.57028021,
1557,0.041076449,25.56761171,
1558,0.042468425,25.56814846,
1559,0.041022211,25.57619589,
1560,0.041587097,25.5858562,
1561,0.041665304,25.57875753,
1562,0.041082233,25.57522752,
1563,0.041335997,25.5647454,
1564,0.04168047,25.575102,
1565,0.041250132,25.5856478,
1566,0.042756287,25.56859243,
1567,0.040824318,25.55829362,
1568,0.042416175,25.57729722,
1569,0.041112785,25.57053016,
1570,0.041714925,25.55704318,
1571,0.040750282,25.54996578,
1572,0.042182702,25.56189926,
1573,0.041261953,25.57985315,
1574,0.040691423,25.56524092,
1575,0.04239099,25.57726131,
1576,0.040960738,25.56364293,
1577,0.042437081,25.55554263,
1578,0.041790433,25.56292683,
1579,0.042104385,25.57390668,
1580,0.042046183,25.57514479,
1581,0.041799061,25.56731167,
1582,0.040994015,25.57995284,
1583,0.041415955,25.57443425,
1584,0.04168316,25.56358985,
1585,0.040463782,25.54739296,
1586,0.041389741,25.57186852,
1587,0.040056479,25.56683303,
1588,0.041514053,25.57860795,
1589,0.041428521,25.5763123,
1590,0.040657852,25.58795713,
1591,0.039834652,25.58779295,
1592,0.042837718,25.55966738,
1593,0.041495896,25.58571578,
1594,0.041285573,25.57030108,
1595,0.042837629,25.58093978,
1596,0.041422112,25.58908474,
1597,0.040983904,25.56543112,
1598,0.042276035,25.57733026,
1599,0.039562906,25.57366957,
1600,0.040867365,25.59189973,
1601,0.041593295,25.58594493,
1602,0.041782786,25.59209451,
1603,0.042513825,25.58593608,
1604,0.041629298,25.58610493,
1605,0.041081322,25.58390993,
1606,0.04107453,25.59469779,
1607,0.041437849,25.59794796,
1608,0.041553372,25.587915,
1609,0.041163289,25.58516133,
1610,0.041810445,25.58515823,
1611,0.040548438,25.59088036,
1612,0.041856792,25.58779048,
1613,0.041569286,25.57397989,
1614,0.041316599,25.56981249,
1615,0.041312054,25.57439089,
1616,0.042085013,25.59738983,
1617,0.04211144,25.58348959,
1618,0.039365154,25.57878859,
1619,0.041319207,25.588166,
1620,0.040166176,25.58802214,
1621,0.041657342,25.59104186,
1622,0.041912138,25.57196555,
1623,0.040827787,25.57387104,
1624,0.041629085,25.57091109,
1625,0.041953804,25.56185029,
1626,0.042266116,25.56435908,
1627,0.040453629,25.57551306,
1628,0.041269963,25.5793424,
1629,0.041855641,25.5922862,
1630,0.040482762,25.58176389,
1631,0.040996283,25.57186293,
1632,0.041547282,25.56901407,
1633,0.041524357,25.5726485,
1634,0.041223872,25.57515906,
1635,0.041243593,25.56775007,
1636,0.041829198,25.57383927,
1637,0.04127995,25.56898753,
1638,0.04239783,25.56981619,
1639,0.041501769,25.56728755,
1640,0.041951513,25.55588062,
1641,0.040518491,25.57185163,
1642,0.04174963,25.58590011,
1643,0.040732139,25.58587819,
1644,0.04073921,25.59395911,
1645,0.041117973,25.5827129,
1646,0.041519235,25.55999885,
1647,0.041180167,25.56030337,
1648,0.042459851,25.56066373,
1649,0.041934796,25.57573469,
1650,0.04151121,25.58754132,
1651,0.041901902,25.60383813,
1652,0.041823677,25.59716217,
1653,0.041810362,25.5881241,
1654,0.041203347,25.58296115,
1655,0.042591025,25.58358393,
1656,0.042444345,25.57066726,
1657,0.041839884,25.56080254,
1658,0.040754959,25.55890438,
1659,0.040370439,25.57285912,
1660,0.042167462,25.58312775,
1661,0.041836856,25.57129869,
1662,0.040437472,25.57399036,
1663,0.040371157,25.57621667,
1664,0.040350743,25.58371061,
1665,0.041402532,25.5809797,
1666,0.042948812,25.55578167,
1667,0.040639897,25.56754177,
1668,0.041344534,25.56934567,
1669,0.041744271,25.56797243,
1670,0.039975316,25.5554385,
1671,0.041023713,25.57004336,
1672,0.041481126,25.57933139,
1673,0.04084455,25.5844301,
1674,0.041232931,25.58185596,
1675,0.042580004,25.57147092,
1676,0.041970398,25.57902985,
1677,0.040981141,25.58130065,
1678,0.041988169,25.56988855,
1679,0.042319136,25.5600265,
1680,0.040906872,25.57087417,
1681,0.041085517,25.5686404,
1682,0.040319646,25.58151235,
1683,0.041666272,25.56856393,
1684,0.042010224,25.56217953,
1685,0.042021357,25.57816539,
1686,0.041293187,25.55569985,
1687,0.040215722,25.56551744,
1688,0.04279016,25.5724608,
1689,0.041320716,25.59048997,
1690,0.042022761,25.58443218,
1691,0.040943099,25.60749361,
1692,0.040796814,25.59250067,
1693,0.042352425,25.59964091,
1694,0.04053145,25.59970152,
1695,0.041624586,25.58856861,
1696,0.042000101,25.58610118,
1697,0.043734452,25.56962146,
1698,0.040611978,25.59504484,
1699,0.042541221,25.59548574,
1700,0.040017694,25.58002654,
1701,0.041790909,25.57796992,
1702,0.041105932,25.57323508,
1703,0.041987815,25.57197571,
1704,0.04129012,25.56960929,
1705,0.042601405,25.58405729,
1706,0.041880578,25.57589974,
1707,0.041595623,25.59316539,
1708,0.040660634,25.5981154,
1709,0.041557146,25.59156908,
1710,0.040381927,25.58474238,
1711,0.040704089,25.57486916,
1712,0.042589608,25.59092229,
1713,0.041841923,25.59340358,
1714,0.041654554,25.57748952,
1715,0.039986888,25.58257446,
1716,0.041673013,25.55649469,
1717,0.042605801,25.57122974,
1718,0.041345929,25.55354524,
1719,0.041302641,25.55002452,
1720,0.04113614,25.57986167,
1721,0.040374871,25.57934702,
1722,0.042344551,25.55778765,
1723,0.041152695,25.5725602,
1724,0.041472111,25.58758974,
1725,0.041931117,25.60559618,
1726,0.039122494,25.60600229,
1727,0.041408779,25.60702403,
1728,0.041482831,25.59356097,
1729,0.040604362,25.57364797,
1730,0.040676434,25.56139004,
1731,0.039584791,25.55563728,
1732,0.041652827,25.58079176,
1733,0.041514019,25.58033489,
1734,0.040742124,25.56641998,
1735,0.04031721,25.58117615,
1736,0.041032007,25.58760148,
1737,0.040153688,25.58991976,
1738,0.041212632,25.57855204,
1739,0.041184961,25.5840491,
1740,0.042088311,25.57228665,
1741,0.04114046,25.58494898,
1742,0.041708364,25.56262871,
1743,0.041879382,25.56221735,
1744,0.041383953,25.57055905,
1745,0.04195408,25.58681651,
1746,0.040629175,25.58473495,
1747,0.041317188,25.59234413,
1748,0.041074481,25.58883987,
1749,0.04139991,25.58761401,
1750,0.041345241,25.59030393,
1751,0.041817631,25.59483282,
1752,0.041560348,25.60966247,
1753,0.040845201,25.59631404,
1754,0.041472456,25.60791853,
1755,0.041492941,25.61140611,
1756,0.040986835,25.61375104,
1757,0.043016279,25.6239209,
1758,0.0413231,25.59757788,
1759,0.041436602,25.59420829,
1760,0.040995573,25.59561259,
1761,0.040534949,25.60671327,
1762,0.042444509,25.60386136,
1763,0.041562473,25.60115051,
1764,0.041599423,25.59619506,
1765,0.041699711,25.60213972,
1766,0.040724762,25.58940891,
1767,0.040642973,25.58662406,
1768,0.042133018,25.60183814,
1769,0.042105811,25.6025609,
1770,0.041087894,25.59316983,
1771,0.042124137,25.58045712,
1772,0.042696695,25.57989387,
1773,0.042823557,25.58343718,
1774,0.041152224,25.60589992,
1775,0.042233728,25.59470635,
1776,0.041721595,25.58759235,
1777,0.042106027,25.59553367,
1778,0.040975449,25.58538669,
1779,0.041778475,25.60024115,
1780,0.041966294,25.5988236,
1781,0.040781091,25.60380955,
1782,0.041070987,25.60293372,
1783,0.041422593,25.59546832,
1784,0.04218586,25.58674486,
1785,0.041305095,25.59822589,
1786,0.040660719,25.58395527,
1787,0.040571443,25.58866388,
1788,0.041385794,25.6089063,
1789,0.041512168,25.5974356,
1790,0.041097024,25.58370682,
1791,0.041980832,25.57772505,
1792,0.040988851,25.58232865,
1793,0.041766767,25.58553591,
1794,0.041612176,25.60200306,
1795,0.041043069,25.61175382,
1796,0.041536828,25.59862522,
1797,0.041802902,25.58658362,
1798,0.041346579,25.57793176,
1799,0.042881798,25.58943402,
1800,0.041241816,25.5786125,
1801,0.041404554,25.59305739,
1802,0.042278098,25.58676866,
1803,0.040939792,25.58991187,
1804,0.040522802,25.57971247,
1805,0.04136472,25.58737112,
1806,0.040721937,25.59387003,
1807,0.041868173,25.58631183,
1808,0.041459994,25.59406136,
1809,0.042171674,25.58820017,
1810,0.040915786,25.59670933,
1811,0.042976545,25.59341096,
1812,0.042069515,25.59742182,
1813,0.042511556,25.60477944,
1814,0.041315315,25.61288104,
1815,0.040350897,25.6156576,
1816,0.041843648,25.60840598,
1817,0.040792868,25.61506252,
1818,0.041101141,25.61000536,
1819,0.040419522,25.60667813,
1820,0.040992445,25.61346305,
1821,0.041710842,25.60733594,
1822,0.04051307,25.60168025,
1823,0.040617002,25.5981214,
1824,0.040527224,25.60004663,
1825,0.04251921,25.59565459,
1826,0.041037742,25.59698953,
1827,0.040634443,25.60146682,
1828,0.040847597,25.61363317,
1829,0.040370427,25.61292905,
1830,0.040542911,25.60557495,
1831,0.040912495,25.61166921,
1832,0.040283076,25.61557038,
1833,0.042587543,25.60433669,
1834,0.041118007,25.61400998,
1835,0.042007099,25.62205987,
1836,0.041703189,25.61534213,
1837,0.041007183,25.61600336,
1838,0.040865863,25.60827766,
1839,0.04243248,25.60034206,
1840,0.041226869,25.60126445,
1841,0.04094053,25.59964149,
1842,0.039875192,25.5989019,
1843,0.040770013,25.59675939,
1844,0.041179636,25.59536329,
1845,0.040899884,25.59212967,
1846,0.04174953,25.59154852,
1847,0.040278768,25.58726619,
1848,0.041456941,25.59263658,
1849,0.04188585,25.59006194,
1850,0.040665037,25.60249599,
1851,0.041197061,25.59629388,
1852,0.043692765,25.57782426,
1853,0.040003343,25.60002446,
1854,0.041069749,25.5921963,
1855,0.040627617,25.61240322,
1856,0.041669105,25.60320947,
1857,0.041697547,25.60417854,
1858,0.040666869,25.6007456,
1859,0.041050651,25.60252906,
1860,0.041112826,25.59563068,
1861,0.041892337,25.61049738,
1862,0.041527793,25.59817011,
1863,0.042270976,25.61520619,
1864,0.040515705,25.61488685,
1865,0.042075214,25.62199771,
1866,0.041147873,25.6096396,
1867,0.040180139,25.60715092,
1868,0.042034664,25.60858185,
1869,0.04125954,25.60464696,
1870,0.042022497,25.61041248,
1871,0.040959409,25.60539785,
1872,0.040959899,25.60114469,
1873,0.041249076,25.60261366,
1874,0.041826634,25.60111641,
1875,0.040321818,25.61360395,
1876,0.041296704,25.60742799,
1877,0.042000297,25.60280806,
1878,0.040852078,25.59686883,
1879,0.040780069,25.6025717,
1880,0.041284037,25.5947048,
1881,0.041407938,25.59952063,
1882,0.041684912,25.60443178,
1883,0.041937304,25.60612126,
1884,0.040452823,25.61532374,
1885,0.041163232,25.58917616,
1886,0.04136753,25.59525034,
1887,0.040290253,25.58972637,
1888,0.041502536,25.59760853,
1889,0.041460835,25.59825493,
1890,0.041262321,25.59802113,
1891,0.04001243,25.59475855,
1892,0.041382192,25.60438511,
1893,0.040911684,25.60927895,
1894,0.040631405,25.61032739,
1895,0.04183143,25.59385148,
1896,0.042728929,25.59474685,
1897,0.04151903,25.6082824,
1898,0.041872718,25.61508485,
1899,0.042350188,25.60449464,
1900,0.041797555,25.60292159,
1901,0.040127403,25.59612697,
1902,0.041963703,25.60146455,
1903,0.041552199,25.60579073,
1904,0.040628464,25.60146302,
1905,0.041562744,25.60987398,
1906,0.041044223,25.60846248,
1907,0.041567949,25.61253231,
1908,0.040157986,25.61082652,
1909,0.041754034,25.61477228,
1910,0.039827753,25.60257165,
1911,0.041303614,25.60396633,
1912,0.041561532,25.60686996,
1913,0.040929745,25.60386968,
1914,0.042503079,25.60370946,
1915,0.041281786,25.61207279,
1916,0.039715003,25.62938717,
1917,0.04120625,25.61658401,
1918,0.040727889,25.6108872,
1919,0.040762862,25.6060324,
1920,0.041325189,25.61214282,
1921,0.040464728,25.60663484,
1922,0.039866016,25.60350805,
1923,0.041036595,25.59670396,
1924,0.042040708,25.59542208,
1925,0.041570675,25.60015832,
1926,0.040250723,25.60074036,
1927,0.042535036,25.60209488,
1928,0.040924681,25.60005181,
1929,0.039791431,25.60037047,
1930,0.041969545,25.59780635,
1931,0.042568857,25.5994705,
1932,0.040910929,25.60164515,
1933,0.041613704,25.59608416,
1934,0.040776423,25.58828931,
1935,0.040556329,25.59803167,
1936,0.041739469,25.59797135,
1937,0.041975588,25.60416286,
1938,0.042029062,25.59652285,
1939,0.040769797,25.60528439,
1940,0.041225446,25.6068541,
1941,0.041921011,25.59528207,
1942,0.040936724,25.6023302,
1943,0.04119138,25.5923856,
1944,0.041026566,25.59168818,
1945,0.042105205,25.59826688,
1946,0.041324636,25.60757713,
1947,0.042027168,25.60121881,
1948,0.041915331,25.59716203,
1949,0.041641196,25.60303765,
1950,0.042235612,25.601746,
1951,0.040553752,25.6088273,
1952,0.040883205,25.61447588,
1953,0.041471513,25.60273363,
1954,0.041663835,25.59299177,
1955,0.041794705,25.59924721,
1956,0.04084111,25.60396044,
1957,0.042105891,25.60634205,
1958,0.04126297,25.60746807,
1959,0.041297087,25.60900971,
1960,0.041796039,25.61992815,
1961,0.041903638,25.62487725,
1962,0.04078117,25.60730112,
1963,0.041586122,25.62372204,
1964,0.041318597,25.61441456,
1965,0.041700273,25.62149169,
1966,0.041331914,25.61644723,
1967,0.041939746,25.58115343,
1968,0.040388303,25.60811421,
1969,0.041346213,25.60492876,
1970,0.040221544,25.59992442,
1971,0.040231224,25.60232416,
1972,0.040554844,25.6049152,
1973,0.041030535,25.60625715,
1974,0.040825039,25.60290734,
1975,0.042044858,25.60291396,
1976,0.042024374,25.59975123,
1977,0.040740392,25.59023844,
1978,0.042068317,25.60896066,
1979,0.040718797,25.60735317,
1980,0.041514738,25.60475363,
1981,0.041939007,25.5960987,
1982,0.041562612,25.60215354,
1983,0.040411117,25.59026882,
1984,0.041650825,25.60517597,
1985,0.040630836,25.60643415,
1986,0.040906028,25.61570674,
1987,0.041704207,25.61381424,
1988,0.041110012,25.61718174,
1989,0.040800972,25.61863806,
1990,0.042248654,25.61273957,
1991,0.041138287,25.60538312,
1992,0.041965882,25.61624586,
1993,0.041373291,25.6066423,
1994,0.039760338,25.61676207,
1995,0.040514828,25.62622239,
1996,0.040291973,25.61280567,
1997,0.042107522,25.61410548,
1998,0.041247854,25.6041008,
1999,0.041301678,25.60505125,
2000,0.040314898,25.61668658,
2001,0.04153682,25.60310223,
2002,0.042513107,25.61018258,
2003,0.042189526,25.61038829,
2004,0.040596136,25.60561215,
2005,0.040918316,25.6059839,
2006,0.042075613,25.6064165,
2007,0.040639492,25.60998928,
2008,0.040654741,25.5985016,
2009,0.041601175,25.59493446,
2010,0.041119366,25.60338452,
2011,0.041640775,25.60579573,
2012,0.041597535,25.60910248,
2013,0.041294651,25.60963159,
2014,0.041056056,25.61178068,
2015,0.042610144,25.60450711,
2016,0.040924736,25.58873033,
2017,0.041103191,25.61021227,
2018,0.042127874,25.59882836,
2019,0.039656696,25.60289115,
2020,0.042106901,25.60753353,
2021,0.041203292,25.59844287,
2022,0.041243193,25.60106408,
2023,0.040790285,25.60341784,
2024,0.040630247,25.59373451,
2025,0.040237062,25.6068728,
2026,0.042142311,25.6009727,
2027,0.041136426,25.60135378,
2028,0.041787568,25.61262916,
2029,0.04013641,25.60971534,
2030,0.041108658,25.61078101,
2031,0.040526446,25.60673932,
2032,0.041968976,25.61046153,
2033,0.041826025,25.60430365,
2034,0.03970446,25.60465075,
2035,0.040858338,25.61076634,
2036,0.041027807,25.61174453,
2037,0.041027401,25.61206692,
2038,0.040673962,25.60624351,
2039,0.03983897,25.60113812,
2040,0.041061923,25.60297025,
2041,0.04056423,25.61011073,
2042,0.041182182,25.61521855,
2043,0.040877194,25.59734979,
2044,0.042106533,25.60709403,
2045,0.042355188,25.60511257,
2046,0.041660437,25.61336521,
2047,0.042216639,25.61688245,
2048,0.040371909,25.61090255,
2049,0.040805832,25.6098412,
2050,0.0416738,25.61001362,
2051,0.04122423,25.60412331,
2052,0.042089487,25.59920999,
2053,0.042328785,25.59461889,
2054,0.040312853,25.58552363,
2055,0.043066324,25.5884277,
2056,0.040571699,25.596349,
2057,0.041269821,25.59072623,
2058,0.04167994,25.58452587,
2059,0.040586468,25.59842319,
2060,0.04183247,25.60281184,
2061,0.040238058,25.59687545,
2062,0.040701751,25.60875109,
2063,0.040715455,25.60403132,
2064,0.040694082,25.59853011,
2065,0.041163192,25.59235865,
2066,0.040191941,25.59925183,
2067,0.041744273,25.61570266,
2068,0.041144187,25.61142875,
2069,0.041180063,25.5970507,
2070,0.04080808,25.61150418,
2071,0.04308589,25.61241164,
2072,0.04217875,25.60045352,
2073,0.041289039,25.61152526,
2074,0.040985408,25.62031234,
2075,0.040100517,25.61942016,
2076,0.042855724,25.61854683,
2077,0.041774047,25.63369407,
2078,0.041862133,25.6181356,
2079,0.04073985,25.61065022,
2080,0.040054528,25.60793504,
2081,0.040383297,25.62156622,
2082,0.040915991,25.61841333,
2083,0.042696703,25.61801727,
2084,0.04223674,25.61171162,
2085,0.04201572,25.60753902,
2086,0.040531328,25.60619046,
2087,0.041570818,25.59335311,
2088,0.040408815,25.6032419,
2089,0.04090767,25.60742719,
2090,0.042465461,25.60668829,
2091,0.041490988,25.60909995,
2092,0.041180781,25.61832749,
2093,0.041793498,25.60324349,
2094,0.041028341,25.60148996,
2095,0.040007632,25.61085518,
2096,0.040541373,25.61603023,
2097,0.041096698,25.6151178,
2098,0.041342087,25.61522806,
2099,0.04098579,25.6078682,
2100,0.04094419,25.61315859,
2101,0.040889306,25.61070073,
2102,0.041551204,25.61390909,
2103,0.041851746,25.61533376,
2104,0.04005902,25.61439768,
2105,0.040449,25.60929628,
2106,0.040569599,25.61204003,
2107,0.041572531,25.61366169,
2108,0.041745738,25.60775382,
2109,0.04052062,25.61130593,
2110,0.04072184,25.60843894,
2111,0.041352244,25.61100113,
2112,0.040222037,25.61288292,
2113,0.040829614,25.60455889,
2114,0.040640861,25.60774731,
2115,0.041417745,25.59918842,
2116,0.041793721,25.59630338,
2117,0.041652303,25.60818223,
2118,0.040415723,25.60185434,
2119,0.041771354,25.60512648,
2120,0.041007422,25.60507698,
2121,0.041300803,25.61000519,
2122,0.041830736,25.61824585,
2123,0.040035429,25.61994402,
2124,0.042256398,25.61605329,
2125,0.042858226,25.60746598,
2126,0.041836491,25.61544023,
2127,0.042945115,25.61627834,
2128,0.042570875,25.60965623,
2129,0.041497557,25.60832895,
2130,0.040074681,25.61320844,
2131,0.041173302,25.61078626,
2132,0.041636746,25.61308428,
2133,0.04154856,25.60579017,
2134,0.041819981,25.59933821,
2135,0.040653539,25.597886,
2136,0.041467073,25.60470007,
2137,0.042290374,25.60589609,
2138,0.039295068,25.60250667,
2139,0.041474218,25.60586218,
2140,0.039844857,25.61233726,
2141,0.042432181,25.61252848,
2142,0.040993523,25.60638947,
2143,0.040781104,25.6008329,
2144,0.041918272,25.6095912,
2145,0.040477216,25.60461276,
2146,0.040830761,25.60848248,
2147,0.041933229,25.60444216,
2148,0.041541318,25.6067828,
2149,0.041087524,25.60873949,
2150,0.040888981,25.60832197,
2151,0.041793209,25.60236729,
2152,0.041461505,25.60874443,
2153,0.040365672,25.60623257,
2154,0.040385757,25.61015434,
2155,0.040220135,25.6123543,
2156,0.041395622,25.61984941,
2157,0.041214867,25.61383975,
2158,0.041754001,25.6190291,
2159,0.041834131,25.61239258,
2160,0.04150622,25.61267051,
2161,0.041393286,25.61444281,
2162,0.041668092,25.61431682,
2163,0.040324445,25.6112399,
2164,0.040690341,25.60373104,
2165,0.042096364,25.60601481,
2166,0.041077108,25.61305213,
2167,0.040081484,25.60858344,
2168,0.040614899,25.60745093,
2169,0.041714292,25.61616379,
2170,0.040409639,25.61910753,
2171,0.040476028,25.60932501,
2172,0.040895908,25.61200808,
2173,0.041239895,25.61556387,
2174,0.041393717,25.61956509,
2175,0.041076541,25.61711278,
2176,0.041212302,25.62147749,
2177,0.041801385,25.61834957,
2178,0.041749569,25.61645697,
2179,0.042526026,25.61584249,
2180,0.040943056,25.61399472,
2181,0.040975304,25.61179393,
2182,0.041579723,25.61304475,
2183,0.041611688,25.61252397,
2184,0.041109845,25.60282746,
2185,0.041100329,25.61189533,
2186,0.040865057,25.61679533,
2187,0.041484464,25.61387953,
2188,0.041560098,25.6073292,
2189,0.042170162,25.60547384,
2190,0.040261872,25.60816264,
2191,0.042173464,25.62162949,
2192,0.041074746,25.62186609,
2193,0.04198081,25.60863942,
2194,0.04138415,25.60880799,
2195,0.041951273,25.6084216,
2196,0.040000971,25.60924676,
2197,0.040985253,25.60679876,
2198,0.039887928,25.60434025,
2199,0.040229668,25.61242221,
2200,0.041417372,25.6091149,
2201,0.040504702,25.6104497,
2202,0.041681062,25.60353852,
2203,0.041195381,25.59586618,
2204,0.041173296,25.59973982,
2205,0.041411561,25.60199994,
2206,0.041100523,25.59956223,
2207,0.041840948,25.60982101,
2208,0.04115099,25.61254179,
2209,0.040963476,25.61833827,
2210,0.041783253,25.62225614,
2211,0.041073688,25.62981083,
2212,0.041978395,25.62643907,
2213,0.040910517,25.62553031,
2214,0.042388198,25.61740962,
2215,0.04099862,25.61842972,
2216,0.041136323,25.62105448,
2217,0.041328908,25.62172018,
2218,0.040893901,25.62482712,
2219,0.04171261,25.63129626,
2220,0.040931201,25.62876656,
2221,0.04089618,25.62795961,
2222,0.040987138,25.62637028,
2223,0.04145405,25.62421915,
2224,0.041922231,25.61551784,
2225,0.040644246,25.61762178,
2226,0.0424371,25.61970907,
2227,0.042092403,25.62517669,
2228,0.041304144,25.62693173,
2229,0.041074512,25.63366382,
2230,0.040513389,25.63035894,
2231,0.041436322,25.62298815,
2232,0.041019024,25.62940358,
2233,0.04137789,25.62675167,
2234,0.041448736,25.62400708,
2235,0.041105223,25.62205804,
2236,0.04012657,25.61792429,
2237,0.041287151,25.61645529,
2238,0.042128185,25.61728477,
2239,0.040703133,25.61590195,
2240,0.04029175,25.62475822,
2241,0.040595104,25.62093048,
2242,0.040760267,25.61167224,
2243,0.041018635,25.61861393,
2244,0.041789573,25.62176767,
2245,0.041587751,25.61911959,
2246,0.043180703,25.61866334,
2247,0.041040339,25.62150438,
2248,0.042003937,25.62050125,
2249,0.041154103,25.62176758,
2250,0.042074953,25.62271619,
2251,0.041097348,25.6201762,
2252,0.0399204,25.61368081,
2253,0.043297846,25.61140935,
2254,0.041609318,25.61692977,
2255,0.042165132,25.61859431,
2256,0.041430195,25.62318148,
2257,0.041032015,25.61288374,
2258,0.041863274,25.61508826,
2259,0.041226519,25.62481532,
2260,0.040832403,25.62351002,
2261,0.04143453,25.62406338,
2262,0.042756785,25.63147273,
2263,0.040583475,25.63035326,
2264,0.040399759,25.63307452,
2265,0.040863994,25.62860578,
2266,0.041642824,25.62344416,
2267,0.0406555,25.62571683,
2268,0.040914447,25.62547814,
2269,0.040863732,25.61892789,
2270,0.040710299,25.61337442,
2271,0.041176408,25.61086749,
2272,0.041504528,25.61182468,
2273,0.04118008,25.61693811,
2274,0.04126386,25.62593488,
2275,0.040775201,25.62983898,
2276,0.040507362,25.63063049,
2277,0.0419412,25.62065985,
2278,0.041748953,25.62052189,
2279,0.041867107,25.61440197,
2280,0.041725874,25.60916444,
2281,0.042683364,25.62164472,
2282,0.041447984,25.61704246,
2283,0.040924536,25.61747233,
2284,0.041013093,25.62276092,
2285,0.041486224,25.6264409,
2286,0.040525695,25.62111434,
2287,0.04125003,25.6170067,
2288,0.040898361,25.61726472,
2289,0.042985643,25.61399218,
2290,0.040769202,25.61103373,
2291,0.040578312,25.61370381,
2292,0.041494221,25.62201884,
2293,0.039578226,25.62554823,
2294,0.041878515,25.62523876,
2295,0.041355509,25.62645548,
2296,0.04190925,25.61997142,
2297,0.041522035,25.6211156,
2298,0.041725038,25.62653563,
2299,0.041383826,25.62890261,
2300,0.040618136,25.62122164,
2301,0.04159325,25.62851555,
2302,0.040668865,25.62547761,
2303,0.040413993,25.62846525,
2304,0.04026187,25.6292117,
2305,0.042043214,25.62815854,
2306,0.040159955,25.62525943,
2307,0.041090196,25.61964749,
2308,0.040467671,25.61735672,
2309,0.040425206,25.62216134,
2310,0.040822657,25.62166518,
2311,0.041224757,25.61880061,
2312,0.041074505,25.62535283,
2313,0.042600115,25.62255082,
2314,0.03997904,25.62646718,
2315,0.041628975,25.62587799,
2316,0.040567176,25.62504605,
2317,0.040723834,25.62222572,
2318,0.041127155,25.62684505,
2319,0.040576711,25.61953052,
2320,0.041960727,25.62970898,
2321,0.038845948,25.62973885,
2322,0.041239833,25.62423238,
2323,0.04237424,25.62357418,
2324,0.041159169,25.63298581,
2325,0.040241726,25.63232639,
2326,0.040475514,25.62383137,
2327,0.041077705,25.62848826,
2328,0.041957813,25.62857241,
2329,0.041601615,25.63263637,
2330,0.040863909,25.63016795,
2331,0.04166295,25.62612499,
2332,0.040038999,25.63067906,
2333,0.041032851,25.6373746,
2334,0.04252277,25.64383278,
2335,0.041996168,25.63749225,
2336,0.040824734,25.64156988,
2337,0.041193774,25.63528374,
2338,0.040203986,25.63154098,
2339,0.041153138,25.63495943,
2340,0.041313885,25.63102635,
2341,0.040019649,25.62065976,
2342,0.041832603,25.62299435,
2343,0.040790483,25.62814215,
2344,0.039978771,25.6287648,
2345,0.040377249,25.62900745,
2346,0.041009008,25.62780478,
2347,0.041494179,25.63126308,
2348,0.041859106,25.62378606,
2349,0.041445714,25.62334878,
2350,0.040767049,25.63208287,
2351,0.040520299,25.63508882,
2352,0.040856026,25.62667511,
2353,0.04160927,25.6312028,
2354,0.040669198,25.63299027,
2355,0.041676408,25.6340353,
2356,0.040735052,25.63243793,
2357,0.040540172,25.62898674,
2358,0.041467722,25.63012374,
2359,0.041173496,25.62678889,
2360,0.041205213,25.62906424,
2361,0.041012298,25.61653546,
2362,0.040695115,25.623339,
2363,0.042298477,25.63029758,
2364,0.040060098,25.63330238,
2365,0.041754074,25.62940689,
2366,0.040491954,25.63106102,
2367,0.041545111,25.63147406,
2368,0.039740946,25.62783484,
2369,0.041827344,25.63551037,
2370,0.041738379,25.6262538,
2371,0.041445094,25.62007812,
2372,0.041494544,25.6241197,
2373,0.041960083,25.62292944,
2374,0.039979439,25.63053846,
2375,0.040108492,25.62842705,
2376,0.042004945,25.62864921,
2377,0.042564496,25.62302983,
2378,0.04159577,25.6264961,
2379,0.040616732,25.62870971,
2380,0.040905821,25.6294136,
2381,0.04158059,25.63589436,
2382,0.041470672,25.62503167,
2383,0.040848101,25.62226804,
2384,0.041728197,25.6265412,
2385,0.041614549,25.61874244,
2386,0.041069256,25.62337854,
2387,0.039944439,25.62565257,
2388,0.041270473,25.62065888,
2389,0.042077036,25.61842362,
2390,0.040868265,25.61593531,
2391,0.041448196,25.62181962,
2392,0.041002814,25.62048069,
2393,0.040688273,25.61494901,
2394,0.041889973,25.61693419,
2395,0.041525381,25.62073106,
2396,0.042825606,25.61443559,
2397,0.040152348,25.61863002,
2398,0.041250887,25.62317417,
2399,0.041840349,25.62500817,
2400,0.042192899,25.62744183,
2401,0.042070449,25.61978656,
2402,0.041047568,25.61994925,
2403,0.041620754,25.6197207,
2404,0.041346312,25.62029376,
2405,0.041159665,25.62268681,
2406,0.041908629,25.6207718,
2407,0.041707207,25.62345391,
2408,0.041403849,25.62150914,
2409,0.041614222,25.62097941,
2410,0.039833808,25.61962777,
2411,0.040293849,25.62018095,
2412,0.040716666,25.62272838,
2413,0.041634095,25.62391035,
2414,0.041448299,25.62467809,
2415,0.041243114,25.62312934,
2416,0.040268198,25.62027983,
2417,0.040798255,25.62269992,
2418,0.039625573,25.62514957,
2419,0.042057662,25.62110789,
2420,0.040324374,25.62457257,
2421,0.04084192,25.62425415,
2422,0.041274706,25.62638858,
2423,0.041840999,25.62404851,
2424,0.041378074,25.62775632,
2425,0.041798385,25.62653462,
2426,0.041742737,25.62415444,
2427,0.041375268,25.62029341,
2428,0.041372941,25.62128731,
2429,0.040422454,25.62365701,
2430,0.040524935,25.62047531,
2431,0.040978088,25.62106736,
2432,0.042425641,25.62377662,
2433,0.039761415,25.62604649,
2434,0.042885121,25.6249536,
2435,0.041179019,25.63066855,
2436,0.041496011,25.62794328,
2437,0.041208773,25.62737731,
2438,0.041448435,25.62604477,
2439,0.041202935,25.62824964,
2440,0.041129097,25.62454332,
2441,0.041630563,25.62663426,
2442,0.043074533,25.62510577,
2443,0.043216594,25.62640031,
2444,0.040751462,25.62998009,
2445,0.040524108,25.62641795,
2446,0.040944624,25.62364022,
2447,0.041249212,25.6224493,
2448,0.041538756,25.62463307,
2449,0.040628731,25.62538668,
2450,0.041272072,25.62141722,
2451,0.041828504,25.6216256,
2452,0.040440384,25.62327919,
2453,0.039936024,25.627136,
2454,0.040012362,25.62279895,
2455,0.040844574,25.62321388,
2456,0.041689383,25.62471048,
2457,0.041516244,25.62496265,
2458,0.042376135,25.62108278,
2459,0.041353041,25.62260722,
2460,0.040911367,25.62298285,
2461,0.041439938,25.61797297,
2462,0.042047813,25.62098017,
2463,0.040713931,25.62289519,
2464,0.041725658,25.62106765,
2465,0.042107566,25.62395686,
2466,0.041064296,25.62161865,
2467,0.040769619,25.62217181,
2468,0.042108503,25.62464123,
2469,0.040354137,25.62477203,
2470,0.041809895,25.62459755,
2471,0.042387665,25.62426301,
2472,0.041226986,25.61952865,
2473,0.041493688,25.62285201,
2474,0.040920597,25.62202574,
2475,0.041378976,25.62255266,
2476,0.040801306,25.62356695,
2477,0.041285534,25.62581384,
2478,0.041432511,25.62349795,
2479,0.041895337,25.62161733,
2480,0.041485232,25.62153177,
2481,0.041957843,25.62762473,
2482,0.041086899,25.6262726,
2483,0.041496147,25.62676169,
2484,0.040786031,25.62886227,
2485,0.040507583,25.63014169,
2486,0.04013357,25.63063202,
2487,0.042015311,25.63106058,
2488,0.041567894,25.62962878,
2489,0.040346735,25.62594283,
2490,0.041594141,25.62395733,
2491,0.041197687,25.62639722,
2492,0.041977853,25.62281925,
2493,0.042307196,25.62597553,
2494,0.040445869,25.62775484,
2495,0.041207598,25.6249308,
2496,0.039729909,25.62096506,
2497,0.042437512,25.62423719,
2498,0.041517619,25.62182536,
2499,0.041404086,25.61881653,
2500,0.040629558,25.61648194,
2501,0.041072098,25.62225969,
2502,0.040915083,25.62305413,
2503,0.042082319,25.62368041,
2504,0.041053646,25.6213817,
2505,0.042136359,25.61690959,
2506,0.041440532,25.61999479,
2507,0.042199567,25.62042536,
2508,0.040476199,25.62082584,
2509,0.042581365,25.61825432,
2510,0.040244684,25.62263012,
2511,0.040591141,25.62222416,
2512,0.042289951,25.62073506,
2513,0.041267222,25.61367075,
2514,0.041524616,25.61908304,
2515,0.042547983,25.61998049,
2516,0.041440213,25.61906619,
2517,0.039739306,25.62319792,
2518,0.041724656,25.61921033,
2519,0.040907453,25.61567418,
2520,0.041246511,25.61142285,
2521,0.041536084,25.61518926,
2522,0.042404464,25.61763882,
2523,0.041848613,25.62070289,
2524,0.040682425,25.62089174,
2525,0.040503275,25.62285695,
2526,0.040476886,25.62436336,
2527,0.041205997,25.62347661,
2528,0.040475748,25.62024022,
2529,0.040898208,25.62206328,
2530,0.041247333,25.62227225,
2531,0.041531959,25.6211277,
2532,0.041502498,25.62517773,
2533,0.0408217,25.62560162,
2534,0.039954619,25.62776146,
2535,0.042041187,25.62304528,
2536,0.040550102,25.62647604,
2537,0.040247434,25.62319063,
2538,0.041160742,25.6206315,
2539,0.040581133,25.61998771,
2540,0.04199885,25.61881329,
2541,0.041819518,25.61888283,
2542,0.041744903,25.61740129,
2543,0.041240984,25.61635842,
2544,0.041339793,25.61593557,
2545,0.040334098,25.61273403,
2546,0.041820974,25.61003622,
2547,0.041665021,25.60960758,
2548,0.041271376,25.6114529,
2549,0.041686692,25.6129291,
2550,0.040831819,25.6160345,
2551,0.042530469,25.61472231,
2552,0.043349157,25.61907776,
2553,0.041142984,25.62014203,
2554,0.041140351,25.61970593,
2555,0.04104139,25.62024808,
2556,0.039794098,25.62568882,
2557,0.041270095,25.62432681,
2558,0.040241209,25.62102683,
2559,0.04179581,25.62076991,
2560,0.041977528,25.61693663,
2561,0.042302125,25.61613305,
2562,0.041433007,25.61117953,
2563,0.040559569,25.61306574,
2564,0.040229511,25.61489613,
2565,0.039850373,25.61716852,
2566,0.040412327,25.61474449,
2567,0.042055489,25.61492416,
2568,0.041176045,25.61426714,
2569,0.040767853,25.61074314,
2570,0.04101935,25.60662546,
2571,0.040791837,25.61121186,
2572,0.040910332,25.61218897,
2573,0.041320644,25.6110896,
2574,0.04119743,25.61488131,
2575,0.040878358,25.61342462,
2576,0.041107917,25.61253017,
2577,0.04072983,25.61080187,
2578,0.041733427,25.61206455,
2579,0.04110545,25.61472098,
2580,0.041598698,25.61593334,
2581,0.042408999,25.61551449,
2582,0.041682495,25.61951223,
2583,0.041757418,25.61890981,
2584,0.040203699,25.61685029,
2585,0.041046386,25.62046827,
2586,0.041545445,25.61892281,
2587,0.042472628,25.61909563,
2588,0.041248929,25.62031034,
2589,0.040790911,25.61886399,
2590,0.040581495,25.61601856,
2591,0.040542452,25.62165258,
2592,0.040703191,25.62259588,
2593,0.04255231,25.62389119,
2594,0.040617537,25.62458928,
2595,0.041163175,25.6243818,
2596,0.042467652,25.62545651,
2597,0.041300045,25.62597018,
2598,0.040701809,25.62747409,
2599,0.041510528,25.62759561,
2600,0.041149145,25.62783293,
2601,0.041610143,25.62703609,
2602,0.039864361,25.62810943,
2603,0.040640821,25.62717798,
2604,0.039775131,25.62470668,
2605,0.040645033,25.62739527,
2606,0.040234007,25.62712662,
2607,0.041122893,25.62550911,
2608,0.039398908,25.62150477,
2609,0.040863864,25.62728532,
2610,0.040526416,25.62639824,
2611,0.040110793,25.62322922,
2612,0.041684433,25.62332085,
2613,0.040941851,25.62142409,
2614,0.041318551,25.61953538,
2615,0.04046647,25.61895522,
2616,0.040454155,25.61915659,
2617,0.041308018,25.62751926,
2618,0.041509093,25.63065558,
2619,0.04162863,25.62851647,
2620,0.042282745,25.62744627,
2621,0.041086009,25.62357603,
2622,0.04038737,25.62662704,
2623,0.041361758,25.62472219,
2624,0.041694187,25.62525115,
2625,0.040189258,25.62079617,
2626,0.041383733,25.62086398,
2627,0.041412074,25.61781751,
2628,0.03966121,25.61470843,
2629,0.041307854,25.61385701,
2630,0.041220538,25.61407267,
2631,0.041782154,25.61856686,
2632,0.041298863,25.62236719,
2633,0.041243035,25.62093093,
2634,0.040495148,25.62441903,
2635,0.041143194,25.62417377,
2636,0.041528133,25.62624882,
2637,0.040465728,25.62653657,
2638,0.041302601,25.62588086,
2639,0.041217362,25.62130465,
2640,0.040160528,25.62239441,
2641,0.041130118,25.62008083,
2642,0.042717756,25.62279044,
2643,0.038933815,25.62616738,
2644,0.040772902,25.62281581,
2645,0.042491539,25.62472988,
2646,0.041107803,25.61786312,
2647,0.041266527,25.62121257,
2648,0.040608817,25.62406632,
2649,0.041118786,25.6248899,
2650,0.040676026,25.62075037,
2651,0.041289286,25.62115862,
2652,0.041844864,25.62375832,
2653,0.04236532,25.62007723,
2654,0.04038049,25.62345466,
2655,0.039535928,25.62327628,
2656,0.041927489,25.6218102,
2657,0.04081956,25.62116754,
2658,0.041768036,25.61988377,
2659,0.041482196,25.62357404,
2660,0.041479968,25.6219063,
2661,0.040857476,25.62093722,
2662,0.042169451,25.62258658,
2663,0.041985176,25.62048858,
2664,0.040277158,25.61788344,
2665,0.041766048,25.61809696,
2666,0.040585798,25.61813632,
2667,0.04050658,25.61894976,
2668,0.041128476,25.61698981,
2669,0.040325323,25.61584641,
2670,0.041711558,25.61958007,
2671,0.039952378,25.62289489,
2672,0.042752156,25.62494635,
2673,0.040811119,25.62167758,
2674,0.040721174,25.6198687,
2675,0.040639579,25.62404668,
2676,0.041021329,25.62020049,
2677,0.039772158,25.62164856,
2678,0.040631147,25.62100585,
2679,0.041420653,25.62400112,
2680,0.041966306,25.62463623,
2681,0.040690682,25.62517307,
2682,0.041540667,25.62368601,
2683,0.04123353,25.62932411,
2684,0.04066509,25.62740581,
2685,0.041679549,25.62903447,
2686,0.04126975,25.6303545,
2687,0.040895977,25.62760272,
2688,0.040705751,25.62730198,
2689,0.041008651,25.62898268,
2690,0.040377547,25.63511404,
2691,0.040707073,25.63171759,
2692,0.042456102,25.62759235,
2693,0.043047361,25.62334987,
2694,0.042442511,25.61954389,
2695,0.040374901,25.61799338,
2696,0.041284661,25.62230597,
2697,0.041339609,25.62371057,
2698,0.041224623,25.62263694,
2699,0.041121841,25.61988023,
2700,0.042091177,25.62231559,
2701,0.040954277,25.62207309,
2702,0.040832163,25.62248568,
2703,0.041564234,25.6207833,
2704,0.041827053,25.62382288,
2705,0.041420899,25.62372048,
2706,0.040607253,25.62554022,
2707,0.042168617,25.625242,
2708,0.042376175,25.62712968,
2709,0.042163508,25.62616183,
2710,0.041509957,25.62572972,
2711,0.040969079,25.62697279,
2712,0.041085008,25.62723224,
2713,0.04207409,25.62650195,
2714,0.041438756,25.62622543,
2715,0.040944474,25.62526091,
2716,0.041823318,25.62555491,
2717,0.040834897,25.62890951,
2718,0.040828101,25.6292517,
2719,0.041940485,25.62765652,
2720,0.04203164,25.62558435,
2721,0.040861347,25.62422203,
2722,0.041955239,25.62418181,
2723,0.040047059,25.62612148,
2724,0.040063616,25.62580423,
2725,0.041125977,25.62651522,
2726,0.040534533,25.6254383,
2727,0.042334353,25.62622297,
2728,0.041825932,25.62437049,
2729,0.040028041,25.62422185,
2730,0.041942484,25.62511762,
2731,0.04085165,25.62510407,
2732,0.041713632,25.6250875,
2733,0.039929143,25.62463446,
2734,0.041506497,25.62402363,
2735,0.04129886,25.62594739,
2736,0.041398355,25.62401537,
2737,0.040299309,25.62513301,
2738,0.040636447,25.62546827,
2739,0.040685515,25.62704002,
2740,0.041754196,25.62397258,
2741,0.040898992,25.62329888,
2742,0.040726942,25.62237647,
2743,0.041261316,25.62629016,
2744,0.041270922,25.62599055,
2745,0.040678361,25.62479604,
2746,0.041268668,25.62459992,
2747,0.040979257,25.62684029,
2748,0.041047714,25.62686559,
2749,0.040673943,25.62353326,
2750,0.04050981,25.62422609,
2751,0.041934432,25.62236376,
2752,0.04165297,25.62341947,
2753,0.041666774,25.62690909,
2754,0.040956263,25.62741866,
2755,0.040524782,25.62649381,
2756,0.042050556,25.6275825,
2757,0.040938158,25.62787004,
2758,0.040578425,25.62659769,
2759,0.041872935,25.62830429,
2760,0.041554283,25.62665589,
2761,0.040506916,25.62772321,
2762,0.04043502,25.62747861,
2763,0.039902262,25.62832437,
2764,0.042291099,25.62863099,
2765,0.042291598,25.62643986,
2766,0.041613265,25.62634447,
2767,0.041069596,25.62466469,
2768,0.041260869,25.62520376,
2769,0.041770451,25.62541957,
2770,0.042502103,25.62419159,
2771,0.040797108,25.62525802,
2772,0.040694598,25.62613527,
2773,0.040912537,25.62739611,
2774,0.040208219,25.62741857,
2775,0.041840207,25.62389917,
2776,0.04103532,25.62667165,
2777,0.041217551,25.62586932,
2778,0.041917867,25.62684461,
2779,0.04040558,25.62638115,
2780,0.040625873,25.62446829,
2781,0.040877523,25.62832861,
2782,0.038882246,25.62755442,
2783,0.041257687,25.62749929,
2784,0.040353215,25.62742818,
2785,0.041112716,25.62659658,
2786,0.041795862,25.62694902,
2787,0.041390869,25.62484732,
2788,0.041867518,25.62626511,
2789,0.040442454,25.62545517,
2790,0.04162717,25.62527052,
2791,0.040562605,25.6223485,
2792,0.042243381,25.62160836,
2793,0.039236148,25.62192502,
2794,0.041030553,25.62433563,
2795,0.041607635,25.62475723,
2796,0.041319484,25.62457367,
2797,0.040249125,25.62525879,
2798,0.041303293,25.62501487,
2799,0.040225665,25.62351132,
2800,0.040584566,25.62618527,
2801,0.040808806,25.62437452,
2802,0.041813766,25.62459842,
2803,0.042345288,25.62262601,
2804,0.041691363,25.62316122,
2805,0.041428588,25.62087615,
2806,0.040958596,25.62178292,
2807,0.042103146,25.62412463,
2808,0.040893539,25.62542478,
2809,0.04130129,25.62654684,
2810,0.040119729,25.62684901,
2811,0.040394984,25.62668854,
2812,0.042304608,25.6266189,
2813,0.041327827,25.62711588,
2814,0.041924852,25.62866982,
2815,0.041301928,25.6276003,
2816,0.042349199,25.62681754,
2817,0.040746041,25.62800577,
2818,0.040337409,25.62446036,
2819,0.041407274,25.62182263,
2820,0.04119146,25.61955974,
2821,0.041127036,25.61848425,
2822,0.039892204,25.6192174,
2823,0.039719833,25.6205881,
2824,0.039918639,25.62095138,
2825,0.040398746,25.62181217,
2826,0.041664605,25.62076353,
2827,0.042396031,25.62264839,
2828,0.041077157,25.62233537,
2829,0.041633421,25.62196027,
2830,0.041974977,25.62097223,
2831,0.041818695,25.62328602,
2832,0.042011159,25.62267635,
2833,0.041300406,25.62401049,
2834,0.040118929,25.62680646,
2835,0.041136368,25.62849557,
2836,0.04138799,25.62977034,
2837,0.04047915,25.62916355,
2838,0.041359368,25.63118083,
2839,0.040556109,25.63054268,
2840,0.040691764,25.63200517,
2841,0.042120957,25.62918899,
2842,0.041405825,25.62879956,
2843,0.041218829,25.62632259,
2844,0.041997517,25.62514418,
2845,0.040641808,25.62659134,
2846,0.041622825,25.62900975,
2847,0.041402901,25.62722238,
2848,0.040475164,25.62733938,
2849,0.041933241,25.62808882,
2850,0.041936403,25.62876154,
2851,0.041499876,25.62863722,
2852,0.042321974,25.62900681,
2853,0.041782984,25.62958352,
2854,0.040583425,25.62949177,
2855,0.041202744,25.63185057,
2856,0.039451854,25.63127038,
2857,0.040871892,25.63123492,
2858,0.039961658,25.63241946,
2859,0.041265609,25.6311477,
2860,0.041906934,25.63146171,
2861,0.042454008,25.63112755,
2862,0.04074629,25.629453,
2863,0.041399551,25.62920224,
2864,0.040745916,25.62938469,
2865,0.041562258,25.62938907,
2866,0.041834428,25.63150961,
2867,0.041750404,25.63307326,
2868,0.040964607,25.63356544,
2869,0.042268272,25.63332739,
2870,0.041588418,25.63397248,
2871,0.040988598,25.63409616,
2872,0.041570592,25.63109222,
2873,0.04058484,25.63168112,
2874,0.041865017,25.62896974,
2875,0.041407222,25.63068158,
2876,0.042140351,25.63109919,
2877,0.04244451,25.62935549,
2878,0.041104379,25.63017096,
2879,0.040800174,25.62756718,
2880,0.041301285,25.63060358,
2881,0.039690049,25.63095559,
2882,0.040966203,25.63093338,
2883,0.04199898,25.62762195,
2884,0.04180473,25.62686046,
2885,0.040820383,25.6249826,
2886,0.040796564,25.62672394,
2887,0.040382441,25.62728341,
2888,0.039838535,25.62861071,
2889,0.040685736,25.62617656,
2890,0.041516239,25.62687399,
2891,0.042217519,25.62730601,
2892,0.041463844,25.62560014,
2893,0.042057458,25.62644575,
2894,0.041750523,25.62710873,
2895,0.040915834,25.62639763,
2896,0.040956157,25.62690003,
2897,0.042180842,25.62694852,
2898,0.041538654,25.62733526,
2899,0.04188684,25.62739734,
2900,0.041318955,25.62723419,
2901,0.0418262,25.627711,
2902,0.041010274,25.62778305,
2903,0.040436961,25.62674949,
2904,0.040631426,25.62621398,
2905,0.039985141,25.62787136,
2906,0.041279916,25.6306163,
2907,0.041370922,25.63205723,
2908,0.042024515,25.63306116,
2909,0.041459038,25.63238262,
2910,0.040559263,25.63390911,
2911,0.041279525,25.63215767,
2912,0.041913139,25.63222466,
2913,0.041440368,25.63245441,
2914,0.041811896,25.63252491,
2915,0.041874974,25.63098223,
2916,0.041045188,25.63295489,
2917,0.039591806,25.63377782,
2918,0.041686466,25.63330256,
2919,0.041152675,25.63304054,
2920,0.042241164,25.63591754,
2921,0.040124099,25.63489054,
2922,0.042747506,25.63541431,
2923,0.040920285,25.63471234,
2924,0.040038121,25.6349336,
2925,0.040400313,25.63287826,
2926,0.04073155,25.63231892,
2927,0.040519719,25.63567579,
2928,0.040547094,25.6354811,
2929,0.040835236,25.63453289,
2930,0.040362697,25.6334542,
2931,0.041128498,25.63681103,
2932,0.040836022,25.63582445,
2933,0.041070703,25.63499468,
2934,0.041342448,25.63428998,
2935,0.042113208,25.63476191,
2936,0.041829903,25.63597127,
2937,0.04088085,25.63566676,
2938,0.041775038,25.63448636,
2939,0.041425402,25.63438274,
2940,0.042120037,25.63516522,
2941,0.040667819,25.63381844,
2942,0.041343632,25.63263544,
2943,0.040754109,25.6343054,
2944,0.041524022,25.63358361,
2945,0.042765979,25.63413306,
2946,0.041793857,25.63470808,
2947,0.041049004,25.63414369,
2948,0.040916494,25.63517247,
2949,0.040785102,25.63427042,
2950,0.041927438,25.63384473,
2951,0.041996278,25.63423761,
2952,0.041842439,25.63355334,
2953,0.040353298,25.63421587,
2954,0.040756296,25.63272265,
2955,0.042074224,25.63237574,
2956,0.039488485,25.63039878,
2957,0.04102308,25.63107881,
2958,0.041666829,25.6326751,
2959,0.040301463,25.63317029,
2960,0.041349952,25.63360222,
2961,0.040201281,25.63235495,
2962,0.041286327,25.63049478,
2963,0.042432289,25.62668231,
2964,0.040186855,25.62529196,
2965,0.041138322,25.62206942,
2966,0.042079506,25.62370898,
2967,0.042334874,25.62632893,
2968,0.04048506,25.62727591,
2969,0.041353044,25.62559542,
2970,0.041093536,25.62787515,
2971,0.042579239,25.6305439,
2972,0.041266178,25.62783394,
2973,0.041285108,25.62792527,
2974,0.041774077,25.62822354,
2975,0.041416946,25.62720096,
2976,0.041186273,25.62731605,
2977,0.041972387,25.62776063,
2978,0.040987381,25.62486033,
2979,0.040507478,25.62599355,
2980,0.040423462,25.62565087,
2981,0.041628084,25.62418802,
2982,0.040911764,25.62710152,
2983,0.040733289,25.62821016,
2984,0.041446579,25.62875314,
2985,0.040604773,25.62782443,
2986,0.042516257,25.6300889,
2987,0.041243997,25.62831111,
2988,0.040843676,25.626357,
2989,0.040854519,25.62725175,
2990,0.041123698,25.62829886,
2991,0.040947139,25.62688315,
2992,0.040574267,25.62817922,
2993,0.039718555,25.62734735,
2994,0.040665527,25.62899435,
2995,0.042203487,25.62935869,
2996,0.040510141,25.63071295,
2997,0.040743378,25.63148645,
2998,0.041436199,25.62950681,
2999,0.041609116,25.63138222,
3000,0.04130731,25.63183778,
